행번호,주택공급명,위치,공급규모,분양모집일자,배정내역,연락처
1,순천 복성지구 한신더휴,전남 순천시,10,2019-06-20,"67(1), 75(2), 84A(6), 84B(1)",1577-9800
2,세종 하늘채 센트레빌,세종 4-2생활권,2,2019-06-20,L3블록 59A  (1) M5블록 84A2 (1)  ,1577-9800
3,배산 신일 해피트리,전북 익산시,2,2019-06-26,84(2),1577-9800
4,고덕 하늘채 시그니처,경기 평택시,5,2019-06-27,"59A(2), 84(3)",1577-9800
5,빌리브 메트로뷰 ,대구 달서구,2,2019-06-27,"84A(1), 84B(1)",1577-9800
6,순천 복성지구 한신더휴,전남 순천시,10,2019-06-27,"67(1), 75(2), 84A(6), 84B(1)",1577-9800
7,가야 롯데캐슬 골드아너,부산 부산진구,6,2019-06-27,"59A(2) 59B(1), 84A(2), 84B(1)",1577-9800
8,힐스테이트 황금 센트럴,대구 수성구,15,2019-06-27,"84A(6), 84B(1), 84C(1), 84E(4), 75F(3)",1577-9800
9,판교 대장지구 제일풍경채,경기 성남시,7,2019-06-27,"A5 84A(4), A7-8 84A(3)",1577-9800
10,간성스위트엠센트럴,강원 고성군,7,2019-06-27,"66(2), 69(1), 75(3), 84(1)",1577-9800
11,무진로 진아리채,광주 서구,3,2019-06-27,"84A(2), 84B(1)",1577-9800
12,e편한세상 두류역,대구 서구,13,2019-06-28,"59(1), 74A(3), 74B(3), 84(6)",1577-9800
13,영종하늘도시(RC-2) 반도유보라,인천 경제자유구역,7,2019-06-28,"83(2), 84A(3), 84B(1), 84C(1)",1577-9800
14,월성 삼정그린코아,대구 달서구,11,2019-06-28,"84A(10), 84B(1)",1577-9800
15,광안 리슈바 DS 주상복합,부산 수영구,1,2019-06-28,68A(1),1577-9800
16,e편한세상 백련산,서울 은평구,2,2019-07-11,"84A(1), 84B(1)",1577-9800
17,태전2지구 A1블럭,경기도 광주,19,2019-07-11,"63A(8), 63B(2), 63C(1), 73A(2), 73B(2), 73C(2), 73D(2)",1577-9800
18,속초 대광로제비앙,강원 속초시,5,2019-07-11,"84A(2), 84B(2), 84C(1)",1577-9800
19,광주 제일풍경채 센트럴파크,광주 서구,20,2019-07-11,"59(4), 84A(6), 84B(10)",1577-9800
20,강서 등촌 두산위브아파트,서울 강서구,4,2019-07-11,"50(1), 59(2), 64(1)",1577-9800
21,광주 무등산 골드클래스 2차,광주 동구,6,2019-07-25,"59(1), 84(5)",1600-4119
22,평택 고덕국제신도시 A-45,경기 평택시,4,2019-07-25,"84A(2), 84B(1), 84C(1) ",1644-2887
23,고양 덕은지구 A5블록 대방노블랜드 1차,경기 고양시,7,2019-07-25,"84A(3), 84B(4)",1688-7733
24,대전 신흥 SK VIEW,대전 신흥동,11,2019-07-25,"59A(3), 59B(3), 74(2), 84(3) ",042-282-1096
25,대명동 교대역 하늘채 뉴센트원(공공분양),대구 남구,15,2019-07-25,"49(3), 59(2), 74(4), 75(1), 84(5)",1833-3433
26,다산 신도시 자연앤푸르지오,경기 남양주,16,2019-07-25,"51(5), 59A(6), 59B(2), 59C(3)",1588-4101
27,신천센트럴자이,대구 동구,14,2019-07-26,"84A(7), 84B(4), 84C(2), 84D(1)",1661-5523
28,양평 센트럴파크 써밋,경기 양평군,6,2019-08-01,63A(2) 80A(1) 80B(1) 80C(2),031-771-5085
29,신가동 모아엘가 더 수완,광주 광산구,12,2019-07-18,"84A(9), 84B(3)",1577-9800
30,광주역 자연앤자이,경기 광주시,12,2019-07-18,"74(1), 84A(9), 84B(1), 84C(1)",1577-9800
31,광주역 태전 경남아너스빌,경기도 광주,19,2019-08-07,"63A(8), 63B(2), 63C(1), 73A(2), 73B(2), 73C(2), 73D(2)",031-768-8356
32,오포 더샵 센트럴포레,경기 광주시,25,2019-08-07,"76B(8), 84(17)",1577-0065
33,서면 순천 모아엘가 리버파크,전남 순천시,7,2019-08-08,"84A(4), 84B(3)",061-744-0005
34,광양 푸르지오 더 퍼스트,전남 광양시,12,2019-08-08,"59A(1), 59B(1), 74A(2), 74B(1), 84A(3), 84B(2), 84C(1), 84D(1)",1800-3773
35,이수 푸르지오 더 프레티움,서울 동작구,3,2019-08-12,"51(1), 59D(1), 84E(1)",1800-0413
36,녹번역 e편한세상 캐슬 2차,서울 은평구,1,2019-08-14,59A(1),080-783-3000
37,송파 시그니처캐슬,서울 송파구,18,2019-08-16,"59A(1), 59B(1), 84A(1), 84B(4), 84C(9), 84D(2)",1811-8787
38,부천 일루미스테이트,경기 부천시,31,2019-08-22,"59A(14), 59B(3), 74(1), 84A(10), 84B(2), 84C(1)",1588-5207
39,e편한세상 김포,경기 김포시,9,2019-08-22,66A(1) 74A(1) 84A(4) 84B(1) 84C(1) 84D(1),031-989-1233
40,해링턴 플레이스 감삼,대구 달서구,2,2019-08-22,"84A(1), 84B(1)",1855-0320
41,의정부역 센트럴자이&위브캐슬,경기 의정부시,16,2019-08-22,"49(1), 59A(5), 59B(2), 59C(2), 59E(2),  72A(1), 72B(1), 84A(1), 84B(1)",1644-9838
42,서대문 푸르지오 센트럴파크,서울 서대문구,7,2019-08-23,49(1) 55(3) 59A(2) 75B(1),02-312-3600
43,평택 고덕국제신도시 A-22블럭 호반 써밋,경기 평택시,4,2019-08-22,84A(3) 84B(1),1566-0399
44,고양 덕은 대방노블랜드,경기 고양시,1,2019-08-28,84A(1),1688-7733
45,대전 유성 대광로제비앙,대전 유성구,9,2019-08-29,"84A(6), 84A""(1), 84B(2)",070-8709-8076
46,송도 더샵 센트럴파크(E5블럭),인천 연수구,1,2019-08-29,E5블럭 80(1),1833-2525
47,송도 더샵 프라임뷰(F20-1블럭),인천 연수구,8,2019-08-29,E5블럭 80(1) / F20-1 70(1) 84A(3) 84B(2) 84C(2),1833-2525
48,포레나 천안 두정,천안 서북구,25,2019-08-29,76A(6) 76B(4) 76C(2) 84A(11) 84B(2),1661-6700
49,모종 금호어울림 아이퍼스트,충남 아산시,3,2019-08-29,59A(1) 84A(1) 84B(1),041-531-1151
50,e편한세상 운정 어반프라임,경기 파주시,15,2019-08-29,59A(3) 59B(1) 59C(2) 74A(2) 84A(4) 84B(2) 84C(1),1600-0922
51,염주 더샵 센트럴파크,광주 서구,13,2019-08-29,59A(1) 76A(6) 76B(4) 84A(1) 84B(1),062-374-1800
52,e편한세상 평내,경기 남양주시,5,2019-08-29,53(1) 59A(2) 84B(1) 84C(1),031-559-3366
53,철산역 롯데캐슬 & SK VIEW 클래스티지,경기 광명시,8,2019-08-30,59A(5) 59B(3),1811-6767
54,지제역 더샵 센트럴시티,경기 평택시,18,2019-09-18,64(5) 84A(8) 84B(2) 84C(3),1522-0037
55,마곡 센트레빌,서울 강서구,1,2019-09-25,59A(1),1811-3666
56,대봉 더샵 센트럴파크 1차,대구 중구,4,2019-09-25,59(2) 74(1) 84B(1),053-746-8989
57,대봉 더샵 센트럴파크 2차,대구 중구,2,2019-09-25,74B(1) 84B(1),053-746-8989
58,죽젼역 화성파크드림,대구 달서구,1,2019-09-25,84A(1),053-565-5200
59,여수 경도비전 지에이그린웰,전남 여수시,9,2019-09-26,84A(3) 84B(2) 84C(4),061-661-1500
60,목동 더샵 리슈빌,대전 중구,10,2019-09-26,59A(1) 59B(1) 84A(5) 84B(3),1661-1511
61,주례 롯데캐슬 골드스마트,부산 사상구,7,2019-09-26,73(2) 84A(1) 84B(1) 84C(3),051-894-7700
62,힐스테이트 사하역,부산 사하구,17,2019-09-26,84A(12) 84B(3) 84C(2),051-911-1314
63,청주 율량 금호어울림 센트로,충북 청주시,6,2019-09-26,59A(1) 59B(1) 75A(1) 75B(2) 84A(1),043-217-5300
64,수성 데시앙 리버뷰,대구 수성구,2,2019-09-26,84A(1) 84B(1),053-765-3838
65,중산매곡 에일린의 뜰,울산 북구,5,2019-09-26,84A(1) 84B(2) 84B-1(2),052-256-5585
66,화명신도시 3차 비스타동원,부산 북구,6,2019-09-27,59(1) 73(2) 84A(1) 84B(2),051-331-0331
67,만촌역 서한포레스트,대구 수성구,1,2019-09-27,84A(1),053-761-3500
68,당진 송악 경남 아너스빌,충남 당진시,5,2019-09-25,59A(2) 72(2) 84(1),1522-3456
69,거제 덕진봄 8차 아파트,경남 거제시,3,2019-09-20,59A(1) 48A(1) 39A(1),02-566-9476
70,보문 리슈빌하우트,서울 성북구,4,2019-09-26,59(4),1522-3011
71,대곡역 두산위브,경기 고양시,1,2019-09-26,84B(1),1600-1709
72,e편한세상 서면 더센트럴,부산 부산진구,1,2019-09-26,84A(1),051-991-0077
73,일성 트루엘 시그니처,강원 삼척시,12,2019-09-30,59A 59B 74A 74B 84,1566-8481
74,이수교2차 KCC스위첸,서울 동작구,1,2019-10-02,59B(1),02-513-5557
75,여주역 푸르지오 클라테르,경기 여주시,4,2019-10-10,84A(2) 84B(1) 84C(1),1600-0878
76,안양예술공원 두산위브,경기 안양시,4,2019-10-10,46(1) 59A(1) 74(1) 84(1),1577-9322
77,스위첸 웰스타워 1차,울산 동구,5,2019-10-10,59A(1) 74A(2) 84A(1) 84B(1),1600-0474
78,스위첸 웰스타워 2차,울산 동구,8,2019-10-10,63(2) 76(3) 84(3),1600-0474
79,해링턴 플레이스 만촌,대구 수성구,2,2019-10-10,84A(1) 84B(1),053-743-8008
80,포레나 전주에코시티,전북 전주시,5,2019-10-10,84(5),1644-4994
81,도마 e편한세상 포레나,대전 서구,14,2019-10-10,59A(2) 59B(3) 74(5) 84A(1) 84B(1) 84C(2),042-826-3006
82,인천 부평 신일해피트리 더루츠,인천 부평구,9,2019-10-10,49A(3) 49B(1) 59A(1) 59C(1) 74(1) 84B(1) 84C(1),1644-9744
83,우동 센텀 마티안,부산 해운대구,2,2019-10-10,69A(1) 75(1),051-746-0025
84,포천 모아엘가 리더스파크,경기 포천시,4,2019-10-11,59A(3) 75(1),1661-2700
85,익산 오투그란데 글로벌카운티,전북 익산시,2,2019-10-11,84A(1) 84B(1),1522-3382
86,춘천우두지구 B-2블럭 공공분양,강원 춘천시,2,2019-10-11,84A(1) 84B(1),033-258-4311
87,루원시티 2차 SK 리더스뷰,인천 서구,34,2019-10-11,84A(12) 84B(2) 84C(7) 84D(9) 84E(4),032-564-0560
88,송도국제도시 디엠시티(B1블럭),인천 연수구,2,2019-10-16,84A(1) 84B(1),1688-9944
89,대신 해모로 센트럴,부산 서구,2,2019-10-16,59(1) 84(1),1899-5698
90,힐스테이트 어울림 효자,전주 완산구,13,2019-10-17,59(1) 70(2) 78A(1) 78B(2) 78C(2) 84A(3) 84B(2),1811-7878
91,해운대 센텀 마티안,부산 해운대구,2,2019-10-17,69A(1) 75(1),051-746-0025
92,탕정지구 지웰시티푸르지오(2-A1),충남 아산시,7,2019-10-17,68A(1) 68B(1) 84A(3) 84B(1) 84C(1),041-555-8448
93,대구역 오페라 W,대구 북구,12,2019-10-23,78(1) 84A(3) 84B(2) 84C(1) 84D(2) 84E(3),053-756-0009
94,무등산 자이&어울림,광주 북구,28,2019-10-23,59A(2) 59B(1) 59C(1) 59D(1) 74A(3) 74B(1) 84A(4) 84B(5) 84C(4) 84D(6),062-719-3007
95,e편한세상 거제 유로아일랜드,경남 거제시,24,2019-10-24,78(3) 84A(12) 84B(6) 84C(3),1833-2642
96,대명역 센트럴 리슈빌,대구 남구,9,2019-10-24,74(1) 84A(4) 84B(3) 84C(1),1522-3060
97,전주 태평 아이파크,전북 전주시,20,2019-10-24,59.72(8) 59.84(2) 74.89(3) 74.96(1) 84.79(5) 84.71(1),063-224-1319
98,청주 테크노폴리스 지웰 푸르지오 아파트,충북 청주시,21,2019-10-25,59A(4) 59B(3) 84A(12) 84B(2),043-233-4200
99,힐스테이트 창경궁,서울 종로구,2,2019-10-18,76A(1) 84A(1),1522-3337
100,거제 덕진8차 봄 아파트,경남 거제시,3,2019-10-28,59A(1) 48A(1) 39A(1),02-566-9476
101,횡성 석미모닝파크,강원 횡성군,2,2019-10-31,81(1) 84(1),02-566-9476
102,운암산 우방이유쉘 1차,광주 북구,3,2019-10-31,42A(1) 52A(2),1577-2771
103,데시앙 해링턴플레이스,부산 남구,3,2019-10-31,59A(2) 59B(1),051-611-8900
104,양주옥정신도시2차 노블랜드 프레스티지,경기 양주시,20,2019-10-31,75A(1) 75B(1) 75C(1) 75D(1) 84A(1) 84B(3) 84C(2) 84D(2),1688-6800
105,힐스테이트 비산 파크뷰,경기 안양시,4,2019-10-31,59A(2) 76A(2),1811-9602
106,시민공원 삼정그린코아 더베스트,부산 부산진구,7,2019-10-29,59A(2) 59B(1) 72(1) 84(3),051-808-0022
107,인천루원시티 주상복합 린스트라우스,인천 서구,25,2019-10-31,84A(10) 84B(9) 84C(5) 84D(1),032-818-3600
108,센텀 KCC 스위첸,부산 해운대구,10,2019-11-01,59(0) 64(1) 84A(6) 84B(3),1588-2006
109,운서 스카이뷰 스카이시티,인천 중구,14,2019-10-31,77A(3) 77B(3) 84A(6) 84C(2),032-569-1153
110,광교산 더샵 퍼스트파크,경기 수원시,7,2019-11-07,36(1) 59B(1) 71C(1) 84A(2) 84B(1) 84C(1),031-242-4777
111,검단신도시 AA11블럭 예미지 트리플에듀,인천 서구,11,2019-11-07,76A(1) 76B(1) 84A(4) 84B(4) 84C(1),1899-1482
112,증평 미암리 코아루 휴티스,충북 증평군,16,2019-11-07,59A(8) 59B(5) 81(2) 83(1),043-836-5600
113,검단신도시 AA1 호반 써밋 인천 검단2차,인천 서구,6,2019-11-07,72A(1) 72B(1) 84A(3),1566-0716
114,힐스테이트 홍은 포레스트,서울 서대문구,6,2019-11-13,59A(3) 72A(1) 72B(2),02-3151-0991
115,꿈의 숲 한신더휴,서울 강북구,2,2019-11-14,59B(1) 75(1),1599-0757
116,인천 검단신도시 대광로제비앙,인천 서구,11,2019-11-14,79A(2) 79B(1) 84A(5) 84B(3),1899-7575
117,고양 덕은 도시개발구역 A2블럭 중흥S-클래스,경기 고양시,4,2019-11-15,84A(2) 84B(1) 84C(1),031-968-9570
118,서대구 KTX 영무예다음 공동주택,대구 서구,7,2019-11-15,57(2) 59(1) 84A(3) 84B(1),053-472-0700
119,수성 뷰웰 리버파크,대구 수성구,3,2019-11-15,75(1) 84(2),1566-0377
120,옥정역 대광로제비앙 41블럭,경기 양주시,12,2019-11-21,84A(9) 84B(2),1600-7790
121,옥정역 대광로제비앙 42블럭,경기 양주시,3,2019-11-21,84A(2) 84C(1),1600-7790
122,수원 하늘채 더퍼스트 1단지,경기 수원시,5,2019-11-21,74A(1) 74B(1) 84A(1) 84B(2),031-222-3236
123,수원 하늘채 더퍼스트 2단지,경기 수원시,8,2019-11-21,59C(1) 74A(2) 74B(2) 84A(1) 84B(2),031-222-3236
124,효창 파크뷰 데시앙,서울 용산구,1,2019-11-21,59B(1),02-706-9800
125,서면 롯데캐슬 엘루체,부산 부산진구,4,2019-11-21,84A(1) 84B(1) 84C(1) 84D(1),051-757-0802
126,일광신도시 이지더원 2차(12블럭) 공공분양,부산 기장군,8,2019-11-21,59A(7) 59B(1),1855-0653
127,일광신도시 이지더원 3차(10블럭) 공공분양,부산 기장군,5,2019-11-21,84A(3) 84B(2),1855-0653
128,DMC 금호 리첸시아,서울 서대문구,3,2019-11-21,59B(1) 74(1) 84(1),02-304-0450
129,제주첨단과학기술단지 A23블럭 공공임대주택,제주 제주시,2,2019-11-29,59A(2),064-797-5712
130,쌍용 더 플래티넘 오목천역,경기 수원시,13,2019-11-28,59A(4) 59B(2) 74(2) 84A(2) 84B(3),031-292-9377
131,e편한세상 초지역 센트럴포레,경기 안산시,6,2019-11-28,49(2) 59(4),031-506-7800
132,힐스테이트 대구역,대구 중구,16,2019-11-28,84A(4) 84B(2) 84C(10),1899-9839
133,인천검단2차 AA12-2블럭 대방노블랜드,인천 검단지구,19,2019-11-28,76A(6) 75B(3) 84A(1) 84B(3) 84C(6),1688-9200
134,부평 두산위브 더파크,인천 부평구,5,2019-11-28,49(1) 59A(1) 74(1) 84(2),1522-3179
135,춘천 롯데캐슬 위너클래스,강원 춘천시,11,2019-11-28, 59(3) 73(2) 84B(4) 84C(2),1811-8855
136,안양 아르테자이,경기 안양시,6,2019-11-28,59A(1) 59D(3) 63(2),1833-4125
137,인천 유림노르웨이숲 에듀오션,인천 중구,9,2019-11-29,56(2) 59A(3) 59B(2) 66(2),032-202-7000
138,여수 죽림 힐스테이트,전남 여수시,3,2019-11-29,84(3),061-686-0600
139,더샵 파크 프레스티지,서울 영등포구,7,2019-12-05,59A(2) 59D(1) 84TA(2) 84TB(2),1855-0799
140,신평동 사하코오롱하늘채,부산 사하구,3,2019-12-05,84(1) 76(1) 59B(1),051-934-9884
141,힐스테이트푸르지오 주안,인천 미추홀구,14,2019-12-05,45(1) 59A(4) 59B(3) 59C(1) 64(1) 74A(1) 74B(2) 84B(1),032-429-9420
142,두류 파크 KCC 스위첸,대구 달서구,7,2019-12-05,59A(2) 75A(1) 84A(2) 84B(2),1599-0662
143,검단신도시 AB2 신안인스빌 어반퍼스트,인천 서구,12,2019-12-05,84(12),031-998-2800
144,대구역 제일풍경채 위너스카이,대구 중구,7,2019-12-05,84A(2) 84B(3) 84C(2),053-253-3233
145,영도 더킹페로스,부산 영도구,1,2019-12-06,E형(1),051-417-8948
146,힐스테이트 수원 푸르지오,경기 수원시,29,2019-12-11,43(3) 49(2) 59A(2) 59B(8) 74(5) 84(9),031-273-8720
147,e편한세상 부평역 어반루체,인천 부평구,1,2019-12-12,59C(1),032-543-9877
148,빌리브 클라쎄,대구 달서구,1,2019-12-12,84B(1),053-552-2000
149,명동2차 화성파크드림,경남 양산시,3,2019-12-11,59A(1) 59B(1) 51B(1),053-760-3807
150,광주 계림 IPARK SK VIEW(계림2구역),광주 동구,11,2019-12-12,62(2) 72(3) 76(1) 84(3),062-362-1715
151,검단신도시 모아엘가 그랑데,인천 서구,7,2019-12-12,59A(4) 59B(1) 84A(1) 84B(1),032-562-0060
152,청주 가경 아이파크 4단지,충북 청주시,2,2019-12-12,84A(2),043-239-7504
153,남구 도시첨단 D2블럭 제일풍경채,광주 남구,9,2019-12-12,84A(5) 84B(4),1522-3169
154,평택 고덕국제신도시 A-44블럭,경기 평택시,6,2019-12-13,84A(4) 84B(2),1899-7575
155,대봉 서한포레스트,대구 중구,4,2019-12-18,79(1) 84B(1) 84C(1) 84D(1),053-355-0050
156,시흥 장현 공공주택지구 C4블럭,경기 시흥시,5,2019-12-19,84A(4) 84B(1),1811-0511
157,e편한세상 홍제 가든플라츠,서울 서대문구,8,2019-12-19,59A(4) 59B(2) 84(2),1811-9878
158,이안 오션파크 W,부산 남구,3,2019-12-20,59A(1) 72.98(1) 84.99(1),051-631-3111
159,광명 푸르지오 센트베르,경기 광명시,3,2019-12-19,59B(2) 59C(1),1800-1507
160,중산매곡 에일린의 뜰,울산 북구,1,2019-12-24,84B-1(1),052-256-5585
161,일원 더샵 온천헤리티지,부산 동래구,2,2019-12-26,59A(1) 59B(1),1644-0506
162,대구 달서 코아루 더리브,대구 달서구,2,2019-12-26,84A(1) 84B(1),053-554-2500
163,개포프레지던스자이,서울 강남구,1,2019-12-26,39(1),1544-6651
164,당진 아이파크,충남 당진시,5,2019-12-31,59(1) 74(1) 84A(3),041-360-7900
165,파라곤 센트럴파크 AA2블럭,인천 검단신도시,6,2019-12-31,84A(6) 84B(5),1811-8779
166,성남고등 S-3블럭 공공분양,경기 성남시,1,2019-12-31,59C(1),031-250-8238
167,경북도청신도시 코오롱 하늘채(공공분양),경북 안동시,3,2020-02-03,74A(1) 84A(1) 84B(1),054-650-3113
168,힐스테이트 송도 더스카이,인천 연수구,7,2020-02-07,84A(6) 84B(1),1600-3113
169,청라 힐스자이,대구 중구,12,2020-02-07,59(2) 75(2) 84A(4) 84C(4),1661-5523
170,매교역 푸르지오 SK View,경기 수원시,32,2020-02-07,59A(5) 59B(2) 59C(1) 74A(3) 74B(7) 84(14),1800-4844
171,힐스테이트 도원 센트럴,대구 중구,9,2020-02-07,84A(3) 84B(3) 84C(3),053-257-5551
172,양주옥정 A-20(1) 유림노르웨이숲,경기 양주시,21,2020-02-05,75A(5) 84A(12) 84B(4),031-868-8110
173,동홍동 센트레빌,제주 서귀포시,4,2020-02-14,59(1) 84A(2) 84B(1),064-762-9700
174,서면 스위트엠 골드에비뉴,부산 부산진구,15,2020-02-14,59A(2) 59B(1) 59C(2) 59D(1) 59E(2) 59F(2) 59G(2) 54H(2) 49I(1),051-632-0112
175,두호 SK VIEW 푸르지오,경북 포항시,2,2020-02-14,84B(2),054-275-2220
176,반월당역 서한포레스트,대구 중구,2,2020-02-17,78(1) 84B(1),053-762-8300
177,속초2차 아이파크,강원 속초시,9,2020-02-20,79(3) 84A(5) 84B(1),033-638-9666
178,고흥 승원팰리체 더퍼스트,전남 고흥군,3,2020-02-21,84A(3),1644-4448
179,과천지식정보타운 S9블럭 과천제이드자이 공공분양,경기 과천시,2,2020-02-21,59B(1) 59A(1),1644-9949
180,힐스테이트 첨단,광주 광산구,4,2020-02-19,84A(1) 84B(3),1899-1686
181,인천 검단신도시 AB3-1블록 대성베르힐,인천 서구,6,2020-02-21,84A(4) 84B(2),032-563-0300
182,대연 삼정그린코아 더베스트,부산 남구,3,2020-02-14,59(2) 71(1),051-744-1008
183,원주 세경 3차 아파트,강원 원주시,9,2020-02-28,59.76(9),02-446-2740-711
184,영광 금호어울림 리더스,전남 영광군,3,2020-02-27,84A(3),061-352-7997
185,부산 덕천 포레나,부산 북구,4,2020-02-28,59(2) 74B(1) 74C(1),1899-0662
186,송추 북한산 경남 아너스빌,경기 양주시,23,2020-02-28,63A(15) 63B(2) 73A(5) 73B(1),031-963-1236
187,쌍용 더 플래티넘 범어,대구 수성구,3,2020-03-06,84A(1) 84B(1) 84C(1),080-011-0777
188,힐스테이트 부평,인천 부평구,14,2020-03-06,59A(2) 59B(3) 75(4) 84(5),1566-3658
189,쌍용 더 플래티넘 해운대,부산 해운대구,3,2020-03-06,84A(1) 84B(1) 84C(1),1899-3360
190,천안 청당 서희스타힐스,충남 천안시,2,2020-02-28,74A(1) 84(1),1899-3622
191,영통자이 아파트,경기 수원시,10,2020-03-12,59A(6) 59B(3) 75A(1),1661-7658
192,봉덕2차 화성파크드림,대구 남구,6,2020-03-13,59(1) 74(2) 84A(2) 84B(1),053-321-8922
193,한양수자인 디에스티지,전남 순천시,9,2020-03-13,79A(1) 79B(1) 84A(3) 84B(1) 84C(3),061-745-5100
194,시흥장현 영무예다음 공동주택,경기 시흥시,7,2020-03-18,84A(3) 84B(1) 84C(3),1566-0466
195,부평역 한라비발디 트레비앙,인천 부평구,2,2020-03-19,84B(1) 84C(1),1811-6665
196,순천 금호어울림 더파크2차,전남 순천시,3,2020-03-19,84A(3),061-744-4590
197,대광로제비앙 센텀29,전남 여수시,5,2020-03-19,84A(4) 84B(1),1600-5535
198,안산 푸르지오 브리파크,경기 안산시,4,2020-03-20,49(3) 59B(1),1800-0742
199,인천 검단신도시3차 노블랜드 리버파크,인천 검단지구,12,2020-03-26,59A(2) 59B(2) 59C(4) 84A(1) 84B(1) 84C(2),1688-9200
200,당진 효성 해링턴플레이스,충남 당진시,20,2020-03-27,59A(10) 59B(1) 74(4) 84(5),041-352-1222
201,뉴센트럴 두산위브더제니스,대구 달서구,4,2020-03-27,84A(2) 84B(2),053-639-2121
202,사상 중흥S클래스 그랜드센트럴,부산 사상구,18,2020-03-27,59(3) 74(4) 79(6) 84(5),1600-6882
203,탑동 힐데스하임,충북 청주시,19,2020-03-20,65(7) 80(1) 84(11),043-258-0005
204,검단신도시 우미린 에코뷰,인천 서구,5,2020-03-27,59A(3) 59B(1) 84A(1),032-547-6400
205,계양 서해그랑블 더 테라스,인천 계양구,3,2020-03-31,84B2(1) 84B3(1),1588-4206
206,포레나 거제 장평,경남 거제시,2,2020-03-31,75(1) 84A(1),1566-7550
207,인천 영종국제도시 A47 호반 써밋,인천 중구,6,2020-04-02,74A(1) 74B(1) 84A(1) 84B(1) 84C(1) 84D(1),1670-0570
208,전주 우아한시티,전북 전주시,1,2020-04-03,84B(1),063-246-9900
209,양주회천신도시 노블랜드 센트럴시티,경기 양주시,12,2020-04-10,75A(1) 75B(1) 75C(1) 75D(1) 84A(2) 84B(2) 84C(2) 84D(2),1688-6800
210,더샵 광교산퍼스트파크 장안111-4구역,경기 수원시,7,2020-04-10,36(1) 59B(1) 71C(1) 84A(2) 84B(1) 84C(1),031-242-4777
211,호반써밋 목동,서울 양천구,5,2020-04-10,59A(1) 59B(1) 84A(1) 84B(2),1566-3382
212,유성둔곡지구 서한이다음,대전 유성구,21,2020-04-16,A1-59.65(8) A1-59.96(2) A2-78(1) A2-84(10),042-472-7711
213,시화 MTV 공동2블록 호반 써밋,경기 시흥시,11,2020-04-17,59A(3) 59B(1) 59C(1) 84A(5) 84B(2),062-716-9900
214,인천 대헌1블록(LH브리즈힐),인천 동구,1,2020-04-16,59B(1),1522-1741
215,월배 라온프라이빗 디엘,대구 달서구,2,2020-04-17,84A(1) 84B(1),053-643-7656
216,양주 옥정신도시 제일풍경채 Lake City A10-1블록,경기 양주시,8,2020-04-16,74(1) 84A(4) 84B(3),1644-4800
217,양주 옥정신도시 제일풍경채 Lake City A10-2블록,경기 양주시,8,2020-04-16,74(1) 84A(4) 84B(3),1644-4800
218,고덕 아르테스 미소지움,서울 강동구,1,2020-04-16,59B(1),02-3459-2024
219,목포 수창해뜨레 아파트,전남 목포시,1,2020-04-17,59B(1),061-287-8944
220,여수 신기 휴스티지,전남 여수시,1,2020-04-23,84C(1),1800-3578
221,각화 아델리움 어반센트럴,광주 북구,2,2020-04-24,84A(2),062-716-9900
222,DMC 리버파크자이,경기 고양시,5,2020-04-23,84A(3) 84B(1) 84C(1),1661-8044
223,DMC 리버포레자이,경기 고양시,3,2020-04-23,84A(1) 84B(1) 84E(1),1661-8044
224,의정부 롯데캐슬 골드포레,경기 의정부시,1,2020-04-24,59A(1),1899-4240
225,힐스테이트 동인,대구 중구,8,2020-04-23,84A(2) 84B(2) 84C(2) 84C(2),053-767-1055
226,가양동 고운하이플러스,대전 동구,1,2020-04-24,59(1),1811-6855
227,계룡 푸르지오 더 퍼스트,충남 계룡시,23,2020-04-24,59A(10) 59B(3) 59C(1) 84A(5) 84B(2) 84C(1) 84D(1),1800-0515
228,신동탄 포레자이,경기 화성시,16,2020-04-24,59(6) 74(4) 84A(4) 84B(2),031-751-3460
229,청주 파라곤,충북 청주시,10,2020-04-23,77A(2) 77B(1) 84(7),1600-0998
230,우장산숲 아이파크,서울 강서구,4,2020-04-27,59B(2) 74(1) 84B(1),1566-1642
231,청주모충 LH트릴로채 10년 분양전환공공임대주택,충북 청주시,1,2020-04-29,51A-2(1),043-268-8710
232,충북혁신도시 B3-1블록 10년 공공임대리츠,충북 진천군,6,2020-04-29,74A(2) 84A(4),043-901-4350
233,속초디오션자이,강원 속초시,8,2020-05-07,84A(2) 84B(2) 84C(2) 84D(2),1661-0340
234,힐스테이트 대구역 오페라,대구 북구,15,2020-05-08,59(4) 84A(5) 84B(6),053-292-0055
235,양정 포레힐즈 스위첸,부산 부산진구,15,2020-05-07,59A(2) 59B(1) 73A(1) 84A(8) 84B(3),1577-4582
236,영종국제도시 화성파크드림2차,인천 중구,6,2020-05-08,64(3) 73(2) 75(1),032-746-7922
237,광명 푸르지오 센트베르,경기 광명시,3,2020-05-07,59B(2) 59C(1),1800-1507
238,부평삼산 신원아침도시,인천 부평구,1,2020-05-07,74B(1),1599-3340
239,이안 동래 센트럴시티,부산 동래구,4,2020-05-08,61A(1) 62(1) 63(1) 72(1),051-554-9600
240,흑석 리버파크자이,서울 동작구,1,2020-05-06,59A(1),1661-3578
241,청학 우성스마트시티 뷰,부산 영도구,3,2020-05-08,65A(2) 65B(1),051-624-3800
242,부평 중앙하이츠,인천 부평구,3,2020-05-08,59A(2) 74A(1),1899-7970
243,동대구 해모로 스퀘어 이스트,대구 남구,9,2020-05-15,75C(1) 84A(2) 84B(1),053-955-8880
244,문경 모전 코아루 노블36,경북 문경시,3,2020-05-15,80A(1) 80B(1) 82(1),054-554-0336
245,E. TRINITY 공도 센트럴파크,경기 안성시,19,2020-05-15,59A(5) 59B(2) 74A(4) 74B(2) 74C(2) 84(4),031-658-7520
246,울산 지웰시티 자이 1단지,울산 동구,27,2020-05-13,59A(2) 59B(5) 84A(7) 84B(6) 84C(4) 84F(3),052-266-9600
247,울산 지웰시티 자이 2단지,울산 동구,24,2020-05-13,84A(7) 84B(6) 84D(7) 84E(3) 84F(1),052-266-9600
248,두류 센트레빌 더시티,대구 달서구,4,2020-05-14,59A(1) 74(1) 84A(1) 84B(1),1644-9070
249,여주역 금호어울림 베르티스,경기 여주시,4,2020-05-15,84A(3) 84B(1),1566-5755
250,DMC 리버시티자이,경기 고양시,4,2020-05-15,84A(1) 84B(1) 84C(1) 84D(1),062-719-3007
251,더샵 광주포레스트,광주 북구,13,2020-05-15,84A(7) 84B(4) 84C(2),1661-9744
252,군산 나운 금호어울림 센트럴,전북 군산시,6,2020-05-14,59A(4) 59B(1) 73(1),063-461-5556
253,양주신도시 옥정지구 A-17(1)블록 대성베르힐,경기 양주시,10,2020-05-15,72A(1) 72B(1) 84A(4) 84B(4),031-863-0001
254,홍도동 다우갤러리휴리움,대전 동구,3,2020-05-08,59A(1) 59C(1) 74(1),1600-0067
255,용인역북지역주택조합,경기 용인시,1,2020-05-14,59A(1),031-287-0366
256,화서역 푸르지오 브리시엘,경기 수원시,8,2020-05-21,84A(4) 84B(3) 84C(1),1800-4894
257,하남감일지구 2블록 한양수자인,경기 하남시,11,2020-05-21,84(11),1522-6999
258,수성 범물 트루엘 레전드,대구 수성구,3,2020-05-21,84A(2) 84B(1),053-761-3330
259,번영로 하늘채 센트럴파크,울산 남구,6,2020-05-22,59(3) 74(2) 84A(1),052-268-4600
260,다사역 금호어울림 센트럴,대구 달성군,8,2020-05-21,59(1) 84A(4) 84B(2) 84C(1),053-591-0999
261,이안 센트럴포레 장유 1단지,경남 김해시,3,2020-05-21,59A(2) 59C(1),055-902-0777
262,이안 센트럴포레 장유 2단지,경남 김해시,4,2020-05-21,59A(3) 84(1),055-902-0777
263,포천 모아엘가 리더스파크,경기 포천시,4,2020-05-22,59A(3) 75(1),1661-2700
264,양주신도시 옥정지구 A-17(2)블록 한신더휴,경기 양주시,7,2020-05-22,74(1) 79(1) 84A(2) 84B(2) 84C(1),1877-3447
265,대구 용산자이,대구 달서구,6,2020-05-22,84A(2) 84B(2) 84C(2),1833-5630
266,더샵 송도센터니얼(F19-1블록),인천 연수구,6,2020-05-21,75A(1) 84A(2) 84B(2) 84C(1),1833-3342
267,대전 둔곡지구 우미린,대전 유성구,12,2020-05-22,65A(1) 68A(4) 76A(1) 84A(4) 84B(1) 84C(1),042-484-0760
268,동두천송내 S1블록 공공분양주택,경기 동두천시,1,2020-05-29,59A(1),031-820-8757
269,광양 센트럴자이,전남 광양시,4,2020-05-28,74B(1) 84A(2) 84C(1),1833-7740
270,검암역 로열파크시티 푸르지오 1블록,인천 서구,18,2020-05-27,59A(5) 59B(1) 74A(2) 74B(4) 84A(4) 84B(1) 84C(1),1661-4805
271,검암역 로열파크시티 푸르지오 2블록,인천 서구,20,2020-05-27,59A(2) 59B(3) 74A(3) 74B(4) 84A(5) 84B(2) 84C(1),1661-4805
272,영통 아이파크 캐슬 3단지,경기 수원시,11,2020-05-29,59A(3) 59B(2) 75A(3) 75B(1) 84A(2),1688-3342
273,부평 SK VIEW 해모로,인천 부평구,12,2020-05-29,51(1) 59A(2) 74C(3) 84A(6),032-811-0822
274,대구 죽전역 시티프라디움,대구 달서구,1,2020-05-29,84A(1),1661-5250
275,힐스테이트 의정부역,경기 의정부시,4,2020-05-29,59(1) 84A(1) 84B(1) 84C(1),031-855-1121
276,e편한세상 무등산,광주 동구,1,2020-05-28,84A(1),062-513-3332
277,쌍용 더 플래티넘 거제아시아드,부산 연제구,2,2020-05-29,84(2),1877-4820
278,창원 성산 반도유보라 아이비파크,경남 창원시,12,2020-05-29,64A(2) 64B(1) 78(8),1800-0355
279,인천 가재울역 트루엘 에코시티,인천 서구,4,2020-05-28,49A(1) 59A(1) 59B(1) 84A(1),1668-3030
280,서광교 파크 스위첸,수원 장안구,6,2020-06-05,52(5) 84(1),1544-0996
281,광주 초월역 한라비발디,경기 광주시,16,2020-06-05,62A(1) 62B(1) 75A(3) 75B(3) 84A(5) 84B(3),1644-0038
282,대구 연경 S-1블록 LH뉴웰시티,대구 동구,1,2020-06-02,59E(1),053-986-5002
283,설화명곡역 우방 아이유쉘,대구 달성군,3,2020-06-05,59A(1) 84A(2) ,053-643-3888
284,공항동 발쿠치네하우스,서울 강서구,1,2020-06-05,38(1),02-573-7212
285,백양산 롯데캐슬 골드센트럴,부산 부산진구,28,2020-06-11,59A(11) 59B(2) 72(2) 84A(9) 84B(4),051-866-0022
286,상동1차 영무예다음,전북 정읍시,2,2020-06-12,84(2),063-533-0053
287,힐스테이트 레이크 송도 3차 ,인천 연수구,8,2020-06-11,84A(2) 84B(2) 84C(1) 84D(1) 84E(1) 84F(1),1899-1010
288,함평신도시 한국아델리움 더퍼스트,전남 함평군,4,2020-06-12,74A(2) 84A(2) ,061-323-2626
289,래미안 엘리니티(용두6구역),서울 동대문구,4,2020-06-11,51A(1) 59A(1) 59B(1) 74B(1),02-959-0477
290,인천 부평 우미린 아파트,인천 부평구,3,2020-06-11,59B(2) 84(1),032-546-0500
291,청주 동남 파라곤,충북 청주시,10,2020-06-11,77A(2) 77B(1) 84(7),1600-0998
292,양산사송더샵데시앙 5블록,경남 양산시,4,2020-06-12,74(1) 84A(2) 84B(1),055-366-4040
293,양산사송더샵데시앙 6블록,경남 양산시,5,2020-06-12,74(1) 84A(3) 84B(1),055-366-4040
294,양산사송더샵데시앙 7블록,경남 양산시,8,2020-06-12,84A(6) 84B(2),055-366-4040
295,대구 동인동 대원칸타빌,대구 중구,10,2020-06-18,84A(6) 84B(4),053-427-0120
296,광주 무등산 명지로드힐,광주 동구,4,2020-06-19,74A(4),062-943-8959
297,광명 푸르지오 포레나,경기 광명시,2,2020-06-19,59TA(1) 59TB(1),1800-4638
298,평택 고덕국제신도시 A43블록 호반 써밋Ⅱ,경기 평택시,4,2020-06-19,84B(1) 84C(1) 84C(2),1566-0399
299,수원 센트럴 아이파크 자이,경기 수원시,38,2020-06-18,39(4) 59A(1) 59B(7) 73A(13) 73B(5) 84A(7) 84B(1),031-222-3432
300,덕계역 금강펜테리움 센트럴파크,경기 양주시,14,2020-06-18,59A(11) 59B(1) 59C(1) 59D(1),1588-0090
301,천안 푸르지오 레이크 사이드,충남 천안시,22,2020-06-18,74A(3) 74B(1) 74C(1) 84A(8) 84B(4) 84C(3) 84D(1) 84E(1),1600-2102
302,양주 옥정신도시 제일풍경채 LAKE CITY,경기 양주시,8,2020-06-19,74(1) 84A(4) 84B(3),1644-4800
303,힐스테이트 광산,광주 광산구,4,2020-06-19,84A(2) 84B(2),1577-0926
304,용인 양지 세영리첼,경기 용인시,4,2020-06-25,79(3) 75(1),1833-6111
305,구리 인창 대원 칸타빌,경기 구리시,5,2020-06-25,59A(1) 74(1) 84(3),031-556-6700
306,이안 평택 안중역,경기 평택시,3,2020-06-25,59A(1) 74A(1) 74B(1),031-686-6116
307,기흥 푸르지오 포레피스,경기 용인시,7,2020-06-26,59A(1) 59B(1) 74A(1) 74B(1) 74C(1) 84A(1) 84B(1),1577-9800
308,주안 파크자이 더 플래티넘,인천 미추홀구,18,2020-06-25,36(1) 44(2) 59A(2) 59B(1) 59C(4) 73A(4) 73B(1) 84A(1) 84B(2),1577-9800
309,계룡 한라비발디 더센트럴,충남 계룡시,26,2020-06-26,59(18) 72(6) 84(2),1800-5944
310,브라운스톤 부평,인천 부평구,6,2020-06-25,59A 59B 72A,1522-4163
311,고덕신도시 제일풍경채 2차 Edu,경기 평택시,12,2020-06-26,75A(2) 84A(6) 84B(2) 84C(2),1833-4187
312,서대구역 반도유보라 센텀,대구 서구,20,2020-07-03,46(1) 59A(5) 72B(3) 84A(11),1800-1122
313,죽전역 태왕아너스,대구 달서구,4,2020-07-03,84A(3) 84B(1),053-755-0900
314,울산 더샵 번영센트로,울산 남구,7,2020-06-29,59A(2) 75A(1) 75B(1) 84(3),052-260-4411
315,울산 태화강 유보라 팰라티움,울산 중구,2,2020-07-02,84A(1) 84B(1),052-954-0077
316,디에이치 퍼스티어 아이파크,서울 강남구,4,2020-06-30,37A(4),02-2058-2153
317,김해 푸르지오 하이엔드,경남 김해시,20,2020-07-02,59A(3) 59B(1) 59C(3) 74(5) 84(6),1899-9053
318,당진 수청2지구 RH-1블록 호반써밋 시그니처,충남 당진시,11,2020-07-03,84A(10) 84B(1),1566-1343
319,안심뉴타운 B2블록 시티프라디움,대구 동구,4,2020-07-03,84(4),1544-1152
320,동대구 동화 I-WISH,대구 동구,4,2020-07-02,84A(1) 84B(1) 84C(1) 84D(1),053-768-3428
321,인천용현 경남아너스빌,인천 미추홀구,1,2020-07-03,59(1),032-881-8990
322,대곡역 롯데캐슬 엘클라씨,경기 고양시,1,2020-07-03,84(1),1811-8999
323,엑소디움 센트럴 동인,대구 중구,7,2020-07-02,59A(1) 59C(2) 74A(2) 74B(2),053-471-9991
324,운서2차 SK VIEW Skycity,인천 중구,15,2020-07-02,70(1) 78A(2) 78B(1) 84A(8) 84B(2) 84C(1),032-751-7909
325,과천 푸르지오 벨라르테,경기 과천시,2,2020-06-30,84A(2),1800-2068
326,길음역 롯데캐슬 트윈골드,서울 성북구,5,2020-07-03,59A(1) 59B(2) 59C(1) 84(1),1811-6700
327,울산대현 시티프라디움,울산 남구,4,2020-07-10,84A(1) 84B(1) 84C(1) 84D(1),1544-2877
328,청수행정타운 금호어울림,충남 천안시,3,2020-07-09,59(1) 72(1) 84(1),041-569-3900
329,이안다대오션W,부산 사하구,2,2020-07-10,59A(1) 59B(1),051-262-0101
330,동대구 해모로 스퀘어 웨스트,대구 동구,7,2020-07-10,59(2) 76(3) 84A(2),053-955-8880
331,고림지구 3차 양우내안애 더 센트럴,용인 처인구,10,2020-07-10,64A(1) 64C(1) 64D(1) 76A(1) 76B(3) 76D(1) 84A(1) 84B(1),1661-4648
332,속초 롯데캐슬 인더스카이,강원 속초시,15,2020-07-10,59(1) 79A(4) 79B(1) 84A(6) 84B(1) 84C(2) 84D(1),1566-2570
333,노원 롯데캐슬 시그니처,서울 노원구,9,2020-07-10,59A(3) 59B(2) 84A(3) 84B(1),1811-9797
334,광안 경동리인 아파트,부산 수영구,1,2020-07-15,56(1),1661-0511
335,서산 푸르지오 더센트럴,충남 서산시,12,2020-07-16,69(4) 84A(6) 84B(2),041-662-0600
336,양평 휴먼빌 리버파크 어반,경기 양평군,16,2020-07-17,74A(4) 84A(3) 84B(3) 84C(6),031-771-1773
337,양평 휴먼빌 센트럴시티,경기 양평군,8,2020-07-16,59B(2) 74(3) 84(3),1566-0665
338,천안 신방 삼부르네상스,충남 천안시,18,2020-07-17,59A(5) 59B(6) 75(5) 84(2),1600-0377
339,부천 소사 현진에버빌,경기 부천시,2,2020-07-16,65(2),032-349-3400
340,해링턴 플레이스 동대구,대구 동구,10,2020-07-16,59A(1) 74A(2) 84A(4) 84B(2) 84C(1),053-945-1265
341,동대구 2차 비스타동원,대구 동구,4,2020-07-17,59(1) 76(2) 84(1),1899-1139
342,영종국제도시 동원로얄듀크(영종하늘도시 A31블록),인천 중구,5,2020-07-17,79A(1) 79B(1) 84(3),1588-0334
343,진접 상부르네상스 더퍼스트,경기 남양주시,11,2020-07-07,59A(8) 59B(3),1666-5788
344,오토밸리 한양립스 포레스트,울산 북구,1,2020-07-23,59B(1),052-294-1234
345,대구 태전역 광신프로그레스,대구 북구,8,2020-07-23,75(4) 84(4),053-324-8500
346,대구 죽전역 코아루 더리브,대구 달서구,4,2020-07-24,84A(2) 84B(2),053-656-9929
347,대봉교역 태왕아너스,대구 남구,2,2020-07-24,59(1) 84C(1),053-752-7400
348,달성파크 푸르지오힐스테이트,대구 중구,26,2020-07-24,39B(2) 59(2) 74(8) 84A(5) 84B(5) 84C(4),053-759-8260
349,시화지구 MTV 파라곤 공동주택 1블록 ,경기 시흥시,10,2020-07-24,59(4) 84A(3) 84B(3),1800-0407
350,대연 푸르지오 클라센트,부산 남구,4,2020-07-24,59A(1) 74A(2) 84B(1),1800-9229
351,롯데캐슬 리버파크 시그니처,서울 광진구,3,2020-07-24,59A(2) 59B(1),1811-7800
352,산성역 자이푸르지오(공공분양),경기 성남시,8,2020-07-21,59A(3) 74A(3) 74B(2),1833-5580
353,대구 더샵 디어엘로,대구 동구,18,2020-07-23,59(6) 72A(2) 72B(2) 84A(2) 84B(4) 84C(2),1661-1121
354,해링턴 플레이스 동대구,대구 동구,10,2020-07-22,59A(1) 74A(2) 84A(4) 84B(2) 84C(1),053-945-1265
355,동대구역 화성파크드림,대구 동구,9,2020-07-31,84A(5) 84B(1) 84C(3),053-353-8922
356,거제2구역 레이카운티,부산 연제구,14,2020-07-30,59A(2) 59B(1) 84A(5) 84B(6),051-557-4470
357,시흥 금강펜테리움 오션베이,경기 시흥시,15,2020-07-24,59(8) 84A(5) 84B(1) 84C(1),1600-9769
358,광양 동문굿모닝힐 맘시티,전남 광양시,6,2020-07-31,84A(5) 84B(1),061-818-8822
359,광주 무등산 명지로드힐,광주 동구,4,2020-07-31,74A(4),062-943-8959
360,내포신도시 이지더원2차,충남 예산군,16,2020-07-28,67(2) 84A(7) 84B(7),02-824-8042
361,이안다대하버뷰,부산 사하구,2,2020-07-28,59A(1) 59B(1),051-262-0101
362,연제 SK VIEW Central,부산 연제구,1,2020-07-30,53(1),051-867-8999
363,화원 신일해피트리 꿈의숲,대구 달성군,3,2020-07-31,69B(2) 84A(1),053-636-5800
364,대구 두류동 빌리뷰 파크뷰 주상복합신축공사,대구 달서구,2,2020-07-30,84A(1) 84B(1),1833-3773
365,해링턴 플레이스 감삼Ⅱ,대구 달서구,1,2020-07-31,84(1),1855-0320
366,청라힐 지웰 더 센트로,대구 중구,6,2020-07-31,72A(5) 84(1),053-431-0159
367,서대구역 서한이다음 더퍼스트,대구 서구,8,2020-07-30,62C(1) 76A(4) 76C(1) 84A(1) 84B(1),053-327-0500
368,대구 오페라 스위첸,대구 북구,16,2020-07-31,84A(10) 84B(5) 84C(1),1833-2544
369,수성 더팰리스 푸르지오 더샵,대구 수성구,22,2020-07-30,59A(5) 59B(8) 75B(4) 75C(3) 84A(1) 84B(1),053-766-8670
370,e편한세상 지제역(모산·영신지구 A-3블록),경기 평택시,35,2020-07-31,59A(10) 59B(1) 74(10) 84A(4) 84B(10),031-657-7466
371,e편한세상 비전 센터포레,경기 평택시,7,2020-07-30,74A(3) 74B(1) 84(3),1600-0878
372,강동 중흥S클래스 밀레니얼,서울 강동구,5,2020-07-28,47A(2) 47B(1) 59(2),1544-6177
373,힐데스하임 천호,서울 강동구,2,2020-07-31,84A(1) 84B(1),02-477-0406
374,용마산 모아엘가 파크포레,서울 중랑구,2,2020-07-31,83(1) 84(1),1577-1709
375,밀양 e편한세상 나노밸리,경남 밀양시,10,2020-07-24 ,66A(3) 66C(1) 84A(4) 84B(1) 84C(1),1670-1227
376,DMC 아트포레자이,서울 은평구,6,2020-08-03,59A(4) 84A(1) 84B(1),1577-4254
377,DMC 파인시티자이,서울 은평구,8,2020-08-03,59A(2) 74A(2) 74C(3) 84D(1),1577-4254
378,DMC 센트럴자이,서울 은평구,9,2020-08-03,74(1) 84A(1) 84B(3) 84C(3) 84E(1),1577-4254
379,DMC SK VIEW I PARK Foret,서울 은평구,13,2020-08-03,39(1) 49(1) 84A(1),02-309-1464
380,부산 오션라이프 에일린의 뜰,부산 영도구,9,2020-07-31,1단지 59A(1) 74A(1) 74B(1) 84A(1) 2단지 59A(1) 74B(2) 84A(2),051-747-9077
381,울산 문수로 드림파크,울산 남구,4,2020-08-20,51(2) 52(1) 55(1),052-261-7000
382,더샵 수성라크에르,대구 수성구,5,2020-08-20,59(3) 75(2),1644-9956
383,용인 보평역 서희스타힐스,경기 용인시,19,2020-08-21,52(2) 53(3) 59A(6) 59B(4) 71A(2) 71B(1) 84(1),031-332-0014
384,신목동 파라곤,서울 양천구,3,2020-08-20,59A(1) 74(1) 84A(1),02-2060-7774
385,e편한세상 김포 어반베뉴,경기 김포시,6,2020-08-21,53A(2) 53B(1) 59A(2) 59B(1),031-989-1233
386,포레나 순천,전남 순천시,4,2020-08-20,84A(2) 84B(2),061-745-0003
387,양주옥정신도시 3차 노블랜드 에듀포레,경기 양주시,16,2020-08-21,75A(2) 75B(2) 75C(2) 75D(2) 84A(2) 84B(2) 84C(2) 84D(2),1688-6800
388,천안 행정타운 센트럴 두산위브,충남 천안시,8,2020-08-20,74A(2) 74B(1) 84A(2) 84C(1) 84D(2),1599-1178
389,화성반월3지구 롯데캐슬 나노시티,경기 화성시,12,2020-08-19,59A(1) 59C(1) 84A(7) 84B(2) 84C(1),1566-1982
390,양주 회천 덕계역 대광로제비앙,경기 양주시,4,2020-08-21,84A(3) 84B(1),1522-3636
391,양평 창대리 타운하우스,경기 양평군,5,2020-08-21,84(3) 80(2),1522-3391
392,KTX강릉역 동도센트리움,강원 강릉시,4,2020-08-24,59A(2) 59B(2),033-648-1888
393,경산하양금호어울림(공공분양),경북 경산시,2,2020-08-20,59A(1) 59B(1),053-811-0626
394,충주호암 A-1블록(공공분양),충북 충주시,2,2020-08-31,59A(1) 59C(1),043-857-8894
395,힐스테이트 삼동역,경기 광주시,13,2020-08-28,63A(1) 63B(2) 75A(7) 75B(2) 84(1),1599-6321
396,금남로 중흥S-클래스 & 두산위브 더제니스,광주 북구,20,2020-08-28,59A(3) 59B(1) 63(1) 76A(5) 76B(1) 76C(1) 84A(2) 84B(2) 84C(4),062-362-9877
397,서대구센트럴자이,대구 서구,18,2020-08-27,59A(5) 59B(1) 74A(4) 74B(1) 84A(4) 84B(3),1661-5523
398,영흥공원 푸르지오 파크비엔,경기 수원시,24,'20. 9. 4.(금),77(3) 84A(10) 84B(3) 84C(5) 84D(3),1800-0290
399,대전 용산지구 호반써밋 그랜드파크,대전 유성구,22,'20. 9. 3.(목),1블록 84A(20) 84B(2) 3블록 84A(10) 84B(2) ,1566-2822
400,수성 푸르지오 리버센트,대구 수성구,9,'20. 9. 4.(금),84A(7) 84C(1) 84D(1),053-741-0014
401,평택 고덕신도시 제일풍경채 3차 센텀,경기 평택시,13,'20. 9. 4.(금),75A(2) 84A(7) 84B(2) 84C(2),1833-4187
402,의정부역 스카이자이,경기 의정부시,9,'20. 9. 4.(금),66(2) 76(2) 76B(3) 76C(1) 84(1),1833-3955
403,포레나 양평,경기 양평군,16,'20. 9. 11.(금),59A(3) 59B(2) 59B-1(1) 74A(4) 74B(2) 74C(1) 84(3),1899-0662
404,평택 동문굿모닝힐 맘시티2차,경기 평택시,15,'20. 9. 10.(목),59A(3) 59B(5) 59C(2) 74(4) 84(1),031-651-7733
405,충남내포신도시 1차(RM-9블록) 대방 엘리움 더 퍼스티지,충남 예산군,18,'20. 9. 11.(금),59B(1) 75A(3) 75B(7) 76(2) 84A(41) 84C(1),1688-8500
406,고림지구 3차 양우내안애 더 센트럴,경기 용인시,8,'20. 9. 11.(금),64A(1) 64C(1) 64D(1) 76A(1) 76B(1) 76D(1) 84A(1) 84B(1),1661-4648
407,여주역 우남퍼스트빌,경기 여주시,1,'20. 9. 11.(금),59A(1),1588-8035
408,e편한세상 남양뉴타운,경기 화성시,7,'20. 9. 11.(금),65A(2) 75A(2) 84A(2) 84B(1),031-306-0606
409,아산 칸타빌 센트럴시티,충남 아산시,5,'20. 9. 11.(금),59A(3) 59B(2),041-543-3900
410,오송역 파라곤 센트럴시티,충북 청주시,45,'20. 9. 11.(금),1회 59A(4) 59B(7) 59C(8) 59D(4)2회 59A(4) 59B(5) 59C(9) 59D(4),1566-7880
411,울산 번영로 센트리지,울산 중구,31,'20. 9. 14.(월),59A(4) 59B(2) 75A(3) 75B(1) 75C(4) 75D(1) 75E(1) 84A(1) 84B(8) 84C(1) 84D(1) 84E(1) 84F(2),1566-6650
412,양산 덕계 경동 스마트홈,경남 양산시,3,'20. 9. 18.(금),59A(2) 59B(1),055-386-1733
413,완주 푸르지오 더 퍼스트,전북 완주군,9,'20. 9. 15.(화),72A(2) 84A(5) 84B(2),1800-6616
414,천안 신방 삼부르네상스,충남 천안시,18,'20. 9. 14.(월),59A(5) 59B(6) 75A(5) 84A(2),1600-0377
415,울산 문수로대공원 에일린의 뜰,울산 남구,1,'20. 9. 18.(금),59(1) 75(1) 84(1),052-275-7008
416,갑천 1 트리풀시티 힐스테이트(공공분양),대전 유성구,11,'20. 10 . 7. (수),59A(2) 59B(1) 84A(4) 84B(2) 84C(2),042-824-9041
417,파주 운정신도시 A-5블록 제일풍경채 그랑퍼스트,경기 파주시,25,'20. 10 . 8. (목),59(10) 74A(1) 74B(3) 84B(11),1877-7720
418,당진 셴트레빌 르네블루,충남 당진시,10,'20. 10 . 12. (월),74A(2) 84A(5) 84B(3),041-355-1300
419,당진 수청2지구(RH-2블록) 호반써밋 시그니처 Ⅱ,충남 당진시,14,'20. 10 . 12. (월),84A(8) 84B(6),1566-1343
420,구미 아이파크 더샵,경북 구미시,25,'20. 10 . 13. (화),59(11) 74(2) 84A(4) 84B(3) 84C(2) 84D(3),1600-0131
421,의정부역 푸르지오 더 센트럴,경기 의정부시,4,'20. 10. 15. (목),1단지 59B(1) 2단지 59E(1) 72(1) 84A(1),031-829-8297
422,e편한세상 순천 어반타워,전남 순천시,3,'20. 10. 14. (수),84A(1) 84B(1) 84C(1),061-744-9700
423,김해삼계 삼정그린코아 더 베스트,경남 김해시,6,'20. 10. 16. (금),60(1) 73(2) 84(3),055-337-5600
424,서면 비스타 동원,부산 부산진구,1,'20. 10. 16. (금),59B(1),051-914-0200
425,여주 서해 스타 팰리스,경기 여주시,1,'20. 10. 15. (목),84(1),1661-0014
426,별내자이 더 스타,경기 남양주시,9,'20. 10. 15. (목),84A(3) 84B(3) 84C(3),1544-5088
427,하남 감일 푸르지오,경기 하남시,7,'20. 10. 15. (목),84A(3) 84B(4),1800-0517
428,영통 롯데캐슬 엘클래스,경기 수원시,8,'20. 10. 14. (수),1단지 84A(4) 84B(1) 84C(2) 84D(1) 2단지 79(1) 84A(4) 84C(2) 84D(2),1811-6868
429,대곡역 롯데캐슬 엘클라씨,경기 고양시,1,'20. 10. 16. (금),84(1),1811-8999
430,익산 이지움 더 테라스 아트리체,전북 익산시,2,'20. 10. 15. (목),84A(1) 84B(1),063-838-0005
431,익산 모현 이지움,전북 익산시,2,'20. 10. 15. (목),84A(2),063-831-5001
432,수성 센트럴 화성파크드림,대구 수성구,2,'20. 10. 16. (금),84A(2),053-763-7751
433,여주역 우남퍼스트빌,경기 여주시,1,'20. 10 . 12. (월),59A(1),1588-8035
434,반정 아이파크 캐슬,경기 화성시,56,20. 10. 23. (금),4단지 59A(4) 59C(5) 75A(1) 75C(2) 84A(10) 84B(2) / 5단지 59B(1) 75A(5) 75B(3) 75C(7) 84A(16),1688-1551
435,과천지식정보타운 공공주택지구,경기 과천시,7,'20. 10. 21. (수),S1블록 74A(1) 74B(1) 84B(1) / S4블록 84D(1) 84E(1) / S5블록 84A(1) 84B(1),1800-2068
436,평택 동문굿모닝힐 맘시티2차,경기 평택시,15,'20. 10. 22. (목),59A(3) 59B(5) 59C(2) 74(4) 84(1),031-651-7733
437,대구 두산동 호반써밋 수성,대구 수성구,3,20. 10. 23. (금),84A(1) 84B(1) 84C(1),1566-7326
438,여주역 휴먼빌,경기 여주시,6,20. 10. 23. (금),59(2) 84(4),1599-6501
439,완주 삼봉지구 B1블록 우미린 에코포레,전북 완주군,14,20. 10. 23. (금),69(3) 84.9909(10) 84.9913(1) ,063-277-0101
440,김해 주촌 일동 미라주 더 네스트,경남 김해시,2,'20. 10. 22. (목),69(1) 77A(1),055-904-5100
441,국제금융센터 퀸즈W,부산 남구,4,'20. 10. 26. (월),84A(1) 84B(1) 84C(1) 59(1),051-741-1118
442,동대구 더 센트로 데시앙,대구 동구,3,20. 10. 30. (금),59(1) 74A(1) 84A(1),053-943-9977
443,대구 두산동 호반써밋 수성,대구 수성구,3,20. 10. 30. (금),84A(1) 84B(1) 84C(1),1566-7326
444,세미존서희스타힐스,전남 광양시,1,'20. 10. 26. (월),80A(1),061-763-5716
445,김포마송지구 대방엘리움 더퍼스트 B-1블록,경기 김포시,8,20. 10. 30. (금),59B(1) 59C(1) 75C(1) 84A(1) 84B(1) 84C(3),1688-9200
446,쌍용 더 플래티넘 프리미어,경기 안성시,13,'20. 10. 29. (목),59(5) 74A(2) 74B(2) 84(4),031-658-8000
447,대청천 경동리인뷰,경남 김해시,20,20. 10. 23. (금),67(3) 84A(4) 84B(3),055-904-0700
448,남원 오투그란데,전북 남원시,6,'20. 10. 29. (목),59(1) 84A(4) 84B(1),063-636-9802
449,공주 신금 우남퍼스트빌,충남 공주시,4,'20. 11. 2. (월),59A(1) 59B(1) 59C(1) 59D(1),031-679-1662
450,전주 서신동 플러스 리버하임,전북 전주시,2,20. 11. 6. (금),59(2),062-223-1577
451,원주태장2지구 대원칸타빌,강원 원주시,23,20. 11. 5. (목),84A(6) 84B(2) 76(2),033-746-0111
452,침산동 더샵 프리미엘,대구 북구,7,20. 11. 5. (목),70A(2) 70B(2) 84A(2) 84B(1),1644-3316
453,화성시청역 서희스타힐스 4차 숲속마을,경기 화성시,14,20. 11. 6. (금),59A(1) 59B(1) 75A(1) 75A2(1) 75B(1) 75C(2) 84A(5) 84B(1) 84C(1),031-356-0698
454,성주스위트엠엘크루,경북 성주군,4,20. 11. 13. (금),77(1) 84(3),054-931-0286
455,힐스테이트 남천역 더퍼스트,부산 수영구,1,20. 11. 12. (목),70A(1),1599-7652
456,대전 하늘채 스카이앤,대전 중구,10,20. 11. 12. (목),84A(4) 84B(2) 84C(2) 84E(2),1800-1160
457,이안 그랑센텀 천안,충남 천안시,3,20. 11. 13. (금),59(3) 74B(4),1600-8042
458,해링턴 플레이스 반월당2차,대구 중구,6,20. 11. 12. (목),84A(4) 84B(1) 84C(1),053-744-8666
459,의정부 고산 수자인 디에스티지,경기 의정부시,16,20. 11. 12. (목),1블록 79A(3) 3블록 79A(9) 79B(3) 4블록 69A(1) 84(5),1668-2407
460,의정부 고산 수자인 디에스티지,경기 의정부시,16,20. 11. 12. (목),1블록 79A(3) 3블록 79A(9) 79B(3) 4블록 69A(1) 84(5),1668-2407
461,의정부 고산 수자인 디에스티지,경기 의정부시,16,20. 11. 12. (목),1블록 79A(3) 3블록 79A(9) 79B(3) 4블록 69A(1) 84(5),1668-2407
462,진천교성지구 풍림아이원 트리니티,충남 진천군,48,20. 11. 17. (화),59A(12) 74A(20) 74B(4) 84A(5) 84B(3) 36T(4),02-2008-0711
463,망우역 신원아침도시,서울 중랑구,2,20. 11. 20. (금),48C(1) 49(1),02-3456-0000
464,화성남양 시티프라디움 4차,경기 화성시,8,20. 11. 20. (금),84A(6) 84B(2),1644-7228
465,경주 뉴센트로 에일린의 뜰,경북 경주시,12,20. 11. 19. (목),84A(4) 84B(3) 84C(1) 84E(4),053-714-5500
466,덕은지구A3BL 호반써밋 DMC힐즈,경기 고양시,8,20. 11. 20. (금),84A(6) 84B(2) ,1566-3684
467,오산 롯데캐슬 스카이파크,경기 오산시,43,20. 11. 27. (금),65(9) 74(4) 84(30),1811-7890
468,두산위브더제니스 센트럴 사하,부산 사하구,12,20. 11. 27. (금),59A(2) 59B(1) 70A(2) 84A(6) 84B(1),1644-0073
469,시흥 센트렐 헤센,경기 시흥시,1,20. 11. 27. (금),84C(1),1877-2899
470,덕은 삼정그린코아 더 베스트,경기 고양시,4,20. 11. 26. (목),84A(2) 84B(2),1566-0532
471,양평다문지구 반도유보라 아이비파크,경기 양평군,26,20. 11. 27. (금),59A(7) 59B(7) 84(12),1800-0730
472,힐스테이트 포항,경북 포항시,17,20. 11. 27. (금),59(3) 74A(8) 74B(2) 84A(4),054-282-2882
473,포항 양학 신원아침신도시 퀘렌시아,경북 포항시,1,20. 11. 26. (목),84B(1),1661-1777
474,안락 스위첸,부산 동래구,3,20. 12. 3. (목),84A(1) 84B(1) 84C(1),1566-7780
475,힐스테이트 첨단,광주 광산구,4,20. 12. 4. (금),84A(1) 84B(3),1899-1686
476,여수 한국아델리움 오션프랑,전남 여수시,3,20. 12. 4. (금),84A(1) 84C(1) ,061-691-6114
477,선교2차 우방아이유쉘 리포레,광주 동구,22,20. 12. 4. (금),59A(3) 59B(2) 84A(9) 84B(8),1577-2771
478,구미 확장2단지 중흥S-클래스,경북 구미시,22,20. 12. 4. (금),84A(18) 84B(4),054-443-1000
479,가야산 한라비발디 프리미어,전남 광양시,5,20. 12. 4. (금),84A(3) 84C(1) 84D(1),1600-0566
480,연산 포레 서희스타힐스,부산 연제구,1,20. 12. 7. (월),84A(1),051-868-3845
481,완주복합행정타운 모아미래도 센트럴시티 1차,전북 완주군,14,20. 12. 8. (화),59A(3) 59B(1) 84(10),1644-5445
482,계룡대실지구 2블록 공공분양,충남 계룡시,1,20. 12. 9. (수),59B(1),042-470-0770
483,익산 수도산 광신프로그레스,전북 익산시,5,20. 12. 2. (수),84A(5),063-844-6699
484,구미 IC 광신프로그레스,경북 구미시,3,20. 12. 10. (목),84A(2) 84B(1),054-461-1020
485,동성로 SK 리더스뷰,대구 중구,8,20. 12. 10. (목),84A(4) 84B(4),053-256-8402
486,서대구역 화성파크드림,대구 서구,12,20. 12. 11. (금),59A(2) 59B(1) 74A(1) 74B(1) 84A(1) 84B(4) 84C(2),053-356-2998
487,중앙로역 푸르지오 더센트럴,대구 중구,7,20. 12. 11. (금),84A(3) 84B(2) 84C(1) 84D(1) ,1566-4270
488,탕정일반산업단지 D1-1블록 호반써밋 그랜드마크,충남 아산시,12,20. 12. 11. (금),D1-1블록  84A(10) 84B(2),1566-5179
489,탕정일반산업단지 D1-2블록 호반써밋 그랜드마크,충남 아산시,11,20. 12. 11. (금),D1-2블록 59A(1) 59B(1) 84A(8) 84B(1),1566-5179
490,탕정일반산업단지 D2-1블록 호반써밋 그랜드마크,충남 아산시,11,20. 12. 11. (금),D2-1블록 74A(2) 74B(1) 84A(6) 84B(2),1566-5179
491,탕정일반산업단지 D3-1블록 호반써밋 그랜드마크,충남 아산시,7,20. 12. 11. (금),D3-1블록 59A(2) 84A(5),1566-5179
492,탕정일반산업단지 D3-2블록 호반써밋 그랜드마크,충남 아산시,5,20. 12. 11. (금),D3-2블록 84A(4) 84B(1),1566-5179
493,충북혁신도시 C3블록 동일하이빌 파크테라스,충북 진천군,17,20. 12. 11. (금),63(4) 74(5) 84A(5) 84A1(1) 84B(1) 84C(1),1811-0084
494,완주 삼봉지구 B3블록 중흥S-클래스,전북 완주군,12,20. 12. 11. (금),84(12),063-252-2555
495,e편한세상 단양 리버비스타,충북 단양군,1,20. 12. 11. (금),84A(1),1811-1028
496,파주연풍 양우내안에 에코하임,경기 파주시,1,20. 12. 14. (월),59C(1),1600-5745
497,힐스테이트 리슈빌,서울 강동구,9,20. 12. 17. (목),84LA(1) 84LAC(2) 84LB(1) 84TA(1) 84TB(3) 84LDB(1),1588-0459
498,화성 봉담2지구 A-5블록 중흥S-클래스,경기 화성시,10,20. 12. 18. (금),59A(4) 59B(2) 59C(2) 59D(2),031-217-9600
499,군산 더샵 디오션시티 2차,전북 군산시,3,20. 12. 17. (목),84A(2) 84B(1),1670-0771
500,힐스테이트 감삼 센트럴,대구 달서구,3,20. 12. 17. (목),84A(1) 84C(2),053-593-9910
501,울산 태화강 유블레스 센트럴파크,울산 중구,3,20. 12. 17. (목),84A1(3),052-270-9200
502,고덕신도시 EBC-2블록 힐스테이트 고덕 센트럴,경기 평택시,5,20. 12. 18. (금),78(1) 84A(2) 84B(2),1811-0133
503,청천1구역 부평 캐슬 더샵 퍼스트,인천 부평구,16,20. 12. 17. (목),59(11) 72(2) 84A(2) 84B(1),1811-6767
504,e편한세상 부평 그랑힐스,인천 부평구,42,20. 12. 17. (목),37(1) 59A(15) 59B(14) 59C(8) 67A(3) 84A(1),032-500-0000
505,힐스테이트 용인 둔전역,경기 용인시,42,20. 12. 10. (목),59A(9) 59B(1) 59C(10) 75A(3) 75B(3) 84A(12) 84B(4),031-337-1721
506,청주 가경 아이파크 5단지,충북 청주시,11,20. 12. 18. (금),84A(3) 84A1(4) 84B(4),043-239-7506
507,포항 흥해 서희스타힐스,경북 포항시,9,20. 12. 18. (금),59A(2) 59B(1) 59C(2) 74(2) 84(2),054-288-9199
508,영천 아이존빌스타,경북 영천시,12,20. 12. 18. (금),59A(2) 59B(3) 59C(2) 84(5),051-867-8177
509,판교밸리자이 C-1블록,경기 성남시,2,20. 12. 24. (목),60A(1) 60B(1),1833-4471
510,판교밸리자이 C-2블록,경기 성남시,2,20. 12. 24. (목),60A(2),1833-4471
511,판교밸리자이 C-3블록,경기 성남시,1,20. 12. 24. (목),60A(1),1833-4471
512,봉담자이 라피네,경기 화성시,16,20. 12. 24. (목),84A(10) 84C(1) 84D1(1) 84E(2) 84F(2),1577-4254
513,아산 삼부르네상스 더힐,충남 아산시,9,20. 12. 23. (수),59A(3) 59C(1) 74B(1) 83(1) 84(3),1600-9872
514,의정부 고산 S3블록 공공분양주택 ,경기 의정부시,2,20. 12. 30. (수),59A(1) 59B(1),02-2017-4368
515,부산범천2 1블록 LH센트럴힐 공공분양,부산 부산진구,1,20. 12. 31. (목),59B(1),051-460-5456
516,강릉자이 파인베뉴,강원 강릉시,27,20. 12. 29. (화),74A(3) 76(3) 84A(9) 84B(2),1833-4277
517,KTX포항역 삼구트리니엔,경북 포항시,10,20. 12. 31. (목),59(1) 67(2) 84A(6) 84B(1),1666-7400
518,안동용상 풍림아이원 리버파크,경북 안동시,16,20. 12. 23. (수),61A(2) 74A(12) 84A(2),1668-0670
519,[군인특별공급] 안락 스위첸,부산 동래구,3,'21. 1. 8.(금),84A(1) 84B(1) 84C(1),1566-7780
520,[군인특별공급] 한화포레나 인천연수,인천 연수구,10,'21. 1. 8.(금),84A(3) 84B(4) 84C(1) 84D(2),1644-9099
521,[군인특별공급] 다산 월드메르디앙 엔라체,경북 고령군,7,'21. 1. 15.(금),59(4) 72(2) 84B(1),1644-9082
522,[군인특별공급] 가평자이 아파트,경기 가평군,9,'21. 1. 15.(금),59A(3) 59B(1) 59C(1) 76(1) 84(3),031-581-2114
523,[군인특별공급] 송도자이 크리스탈오션,인천 연수구,7,'21. 1. 15.(금),84A(1) 84B(1) 84C(1) 84D(1) 84E(1) 84F(1) 84G(1),1644-6166
524,[군인특별공급] e편한세상 가평 퍼스트원,경기 가평군,10,'21. 1. 19.(화),59(3) 74A(1) 74B(1) 74C(1) 84A(3) 84B(1),1522-7002
525,[군인특별공급] 수성 더팰리스 푸르지오 더샵,대구 수성구,23,'21. 1. 21.(목),59A(6) 59B(8) 75B(4) 75C(3) 84A(1) 84B(1),1800-2476
526,[군인특별공급] 증평 대성베르힐 리오파크,충북 증평군,4,'21. 1. 18.(월),59E(2) 74D(1) 77C(1),062-365-2106
527,[군인특별공급] 세종 리첸시아파밀리에,세종시 6-3,4,'21. 1. 22.(금),H2블록 84D(1) 84K(1) H3블록 59I(1) 84C(1),044-862-1567
528,[군인특별공급] 양주 옥정 파크빌리지,경기 양주시,15,'21. 1. 28.(목),84A(12) 84B(3),031-838-0132
529,[군인특별공급] 송도 더샵 마리나베이,인천 연수구,1,'21. 1. 29.(금),84E(1),032-859-0190
530,[군인특별공급] 대봉교역 금호어울림 에듀리버,대구 남구,3,'21. 1. 28.(목),59A(1) 73(1) 74(1),053-431-9600
531,[군인특별공급] e편한세상 영종국제도시 센텀베뉴,인천 중구,18,'21. 1. 28.(목),84A(9) 84B(2) 84C(7),1811-1409
532,[군인특별공급] 한화 포레나 수원 장안,경기 수원시,17,'21. 1. 29.(금),64A(2) 64B(2) 84A(8) 84B(5),1644-5060
533,[군인특별공급] 충주 대림 퍼스트 앤빌,충북 충주시,2,’21. 2. 3. ( 수 ),69(2),
534,[군인특별공급] 광주 더샵 오포센트리체,경기 광주시,57,’21. 2. 8. ( 월 ),59A(7) 59B(1) 59C(7) 76A(6) 76B(7) 84A(8) 84B(7) 84C(5) 84D(9),1661-0069
535,[군인특별공급] 화성 태안3지구 B1블록,경기 화성시,10,’21. 2. 10. ( 수 ),84A(4) 84B(3) 84C(3),031-266-1800
536,[군인특별공급] 대구 두산동 호반써밋 수성,대구 수성구,3,’21. 2. 9. ( 화 ),84A(1) 84B(1) 84C(1),1566-7326
537,[군인특별공급] 앙평역 한라비발디,경기 양평군,29,21. 2. 10. ( 수 ),1블록 59A(1) 59B(1) 74(2) 84A(6) 84B(3) 2블록 59B(3) 74(3) 84A(7) 84B(3),1566-7326
538,[군인특별공급] 김천 더 테라스 휴,경북 김천시,1,21. 2. 18. ( 목 ),84(1),054-436-0888
539,[군인특별공급] 고덕 강일 제일풍경채,서울 강동구,5,21. 2. 17. ( 수 ),84A(2) 84B(1) 84C(1) 84SB(1),02-3431-9760
540,[군인특별공급] 삼척 센트럴 두산위브,강원 삼척시,10,21. 2. 19. ( 금 ),74A(3) 74B(1) 84A(3) 84B(3),033-572-8988
541,[군인특별공급] 자양 하늘채 베르,서울 광진구,1,21. 2. 18. ( 목 ),46A(1),1811-9337
542,[군인특별공급] 김포마송지구 디에트르 B-4블록,경기 김포시,7,21. 2. 19. ( 금 ),59B(2) 59C(2) 59D(3),1688-9200
543,[군인특별공급] 안산 중흥S-클래스 더퍼스트,경기 안산시,11,21. 2. 18. ( 목 ),59A(4) 59B(2) 59C(1) 84A(1) 84B(1) 84C(2),031-410-1021
544,[군인특별공급] e편한세상 거제 유로스카이,경남 거제시,25,21. 2. 18. ( 목 ),84A(19) 84B(6),1833-2642
545,[군인특별공급] 대봉교역 금호어울림 에듀리버,대구 남구,3,21. 2. 19. ( 금 ),59A(1) 73(1) 74(1),053-431-9600
546,[군인특별공급] 사상역 경보센트리안 3차,부산 사상구,4,21. 2. 19. ( 금 ),49(1) 69(1) 74(1) 80(1),051-325-2222
547,[군인특별공급] 힐스테이트 대명 센트럴,대구 남구,7,21. 2. 26. ( 금 ),84A(2) 84B(4) 84C(1),053-657-1089
548,[군인특별공급] 더샵 탕정역센트로,충남 아산시,9,21. 2. 25. ( 목 ),76B(1) 84A(4) 84B(2) 84C(2),1600-8112
549,[군인특별공급] 용인 양지 동문굿모닝힐 프레스티지,경기 용인시,3,21. 2. 25. ( 목 ),59A(2) 59C(1),1544-1991
550,[군인특별공급] 청주 동남 B8 호반써밋,충북 청주시,22,21. 2. 26. ( 금 ),74A(6) 74B(1) 84(15),1566-9172
551,[군인특별공급] 홍천 금호어울림 더퍼스트,강원 홍천군,10,21. 2. 25. ( 목 ),59(1) 76A(1) 76B(3) 84A(3) 84B(1) 84C(1),1644-0301
552,[군인특별공급] 대전 한신더휴 리저브,대전 중구,4,21. 2. 25. ( 목 ),75(1) 76(1) 84A(1) 84B(1),1644-4669
553,[군인특별공급] 북수원자이 렉스비아,경기 수원시,22,21. 2. 26. ( 금 ),48A(1) 59A(6) 59B(4) 59E(1) 74A(3) 74B(1) 84A(4) 84B(2),1661-4386
554,[군인특별공급] 화원 동화아이위시,대구 달성군,5,21. 3. 3. ( 수 ),84A(1) 84B(1) 84C(3),053-584-5600
555,[군인특별공급] 횡성 벨라시티,강원 횡성군,4,21. 3. 5. ( 금 ),49B(1) 59A(1) 84A(1) 84C1(1),1688-4109
556,[군인특별공급] 오페라 센텀파크 서한이다음,대구 북구,8,21. 3. 4. ( 목 ),74A(1) 74B(1) 84A(5) 84B(1),053-753-7500
557,[군인특별공급] 힐스테이트 광천,광주 서구,4,21. 3. 5. ( 금 ),70A(1) 70B(1) 84A(1) 84B(1),062-362-9996
558,[군인특별공급] 계룡자이,충남 계룡시,35,21. 3. 5. ( 금 ),84A(20) 84B(1) 84C(10) 84D(4),042-721-4000
559,[군인특별공급] 안심 B3 호반써밋 이스텔라 ,대구 동구,5,21. 3. 4. ( 목 ),84A(2) 84B(2) 84C(1),1566-4319
560,[군인특별공급] 이편한세상 울산역 어반스퀘어,울산 울주군,1,21. 3. 12 ( 금 ),84A(1),052-264-5565
561,[군인특별공급] 동대구역 엘크루 에비뉴원,대구 동구,3,21. 3. 12 ( 금 ),79A(1) 84A(1) 84C(1),1833-3225
562,[군인특별공급] 광주 대광로제비앙 퍼스트뷰,광주 광산구,3,21. 3. 11. ( 목 ),81A(1) 81B(2),1522-3636
563,[군인특별공급] 양산 덕계 경동 스마트홈,경남 양산시,1,21. 3. 12 ( 금 ),59A(1) 59B(1),055-386-1788
564,[군인특별공급] 동대구역 골드클래스,대구 동구,9,21. 3. 11. ( 목 ),84A(7) 84B(2),053-955-0009
565,[군인특별공급] 인천 용현·학익 1블록 시티오씨엘,인천 용현·학익,9,21. 3. 11. ( 목 ),75A(2) 75B(1) 84A(3) 84B(3),032-831-1141
566,[군인특별공급] 이안 엑소디움 에이팩스,대구 달서구,2,21. 3. 18. ( 목 ),84A(1) 84C(1),1833-3398
567,[군인특별공급] 김해 푸르지오 하이엔드 2차,경남 김해시,33,21. 3. 18. ( 목 ),59A(4) 59B(4) 59C(7) 75(7) 84A(7) 84B(4),055-328-5677
568,[군인특별공급] 더샵 거제디클리브,경남 거제시,28,21. 3. 18. ( 목 ),74A(5) 74B(1) 84A(7) 84B(8) 84C(3) 84D(4),1661-3007
569,[군인특별공급] e편한세상 주안 에듀서밋,인천 미추홀구,2,21. 3. 19 ( 금 ),63A(1) 63B(1),1800-3899
570,[군인특별공급] 마창대교 유보라아이비파크,경남 창원시,13,21. 3. 19 ( 금 ),74A(5) 74B(1) 84A(3) 84B(1) 84C(3),1800-0355
571,[군인특별공급] 파주운정신도시 디에트르 라 포레(A37블록),경기 파주시,2,21. 3. 26 ( 금 ),84A(1) 84C(1),1688-4007
572,[군인특별공급] 파주운정신도시 디에트르 더 클래스(A35블록),경기 파주시,4,21. 3. 26 ( 금 ),84A(2) 84C((2),1688-4007
573,[군인특별공급] 힐스테이트 만촌역,대구 수성구,5,21. 3. 25 ( 목 ),65(1) 84A(1) 84B(2) 84C(1),1661-9777
574,[군인특별공급] 평택지제역자이,경기 평택시,8,21. 3. 26 ( 금 ),59A(1) 59B(1) 74A(1) 74B(1) 84A(2) 84B(2),1800-5944
575,[군인특별공급] 김해율하 더스카이시티 제니스&프라우 ,경남 김해시,10,21. 3. 25 ( 목 ),64(1) 74(2) 84A(3) 84B(4),1644-0074
576,[군인특별공급] 창원 푸르지오 더 플래티넘,경남 창원시,19,21. 3. 25 ( 목 ),84A(4) 84B(10) 84C(5),1800-0282
577,[군인특별공급] 진해남문 리젠시빌란트 더웰,경남 창원시,12,21. 3. 26 ( 금 ),74A(3) 74B(1) 84(8),1899-0027
578,[군인특별공급] 오산세교2지구 A2블록 호반 써밋,경기 오산시,9,21. 3. 25 ( 목 ),74(3) 84A(5) 84B(1),1566-4914
579,[군인특별공급] 울산 뉴시티 에일린의 뜰 1차,울산 울주군,13,21. 3. 25 ( 목 ),59A(2) 59B(1) 74A(2) 74B(2) 84A(4) 84B(2),052-282-6000
580,[군인특별공급] 힐스테이트 달성공원역,대구 중구,7,21. 3. 25 ( 목 ),84A(2) 84B(1) 84C(1) 84D(1) 84E(1) 84F(1),053-255-9170
581,[군인특별공급] 속초 장사동 엘크루 라테라,강원 속초시,3,21. 3. 26 ( 금 ),76B(1) 73C(1) 84B(1),1833-6133
582,[군인특별공급] 대구 안심 파라곤 프레스티지,대구 동구,13,21. 3. 26 ( 금 ),84A(10) 84B(3),053-242-0055
583,[군인특별공급] 동대구역 골드 클래스,대구 동구,9,21. 3. 26 ( 금 ),84A(7) 84B(2),053-955-0009
584,[군인특별공급] 천안 한양수자인 에코시티,충남 천안시,62,21. 3. 29 ( 월 ),59(10) 75(10) 84A(10) 84B(10) 84C(11) 84D(11),1577-3503
585,[군인특별공급] 한양수자인 더팰리시티,대구 달서구,10,21. 3. 31 ( 수 ),68A(2) 68B(2) 68C(1) 84A(3) 84B(2),1600-0818
586,[군인특별공급] 원주흥업 B-1블록 10년 공공임대,강원 원주시,1,21. 3. 25 ( 목 ),74C(1),033-746-1746
587,[군인특별공급] 파주운정3 A30블록 10년 공공임대,경기 파주시,1,21. 3. 31 ( 수 ),84A(1),032-890-5977
588,[군인특별공급] 창원가포 S-1블록 10년 공공임대,경남 창원시,2,21. 3. 31 ( 수 ),59B(1) 59C(1),055-210-8512
589,[군인특별공급] 용인 드마크 데시앙,경기 용인시,14,21. 3. 29 ( 월 ),51B(1) 59A(5) 59B(5) 74(2) 84(1),1577-0830
590,[군인특별공급] 호반써밋 수성,대구 수성구,3,21. 4. 2 ( 금 ),84A(1) 84B(1) 84C(1),1566-7326
591,[군인특별공급] 광양 푸르지오 더 센트럴,전남 광양시,4,21. 4. 1 ( 목 ),84A(4),1644-0450
592,[청약자격확인] 파주운정3 A30블록 10년 공공임대,경기 파주시(69),4,21.4.8(목),84A(2) 84B(2),032-890-5977
593,대구역 한라 하우젠트 센트로,대구 중구,4,21.4.8(목),84A(2) 84B(2),053-632-0064
594,사상역 경보센트리인 3차 아파트,부산 사상구,4,21.4.9(금),80(1) 74(1) 69(1) 49(1),051-325-2222
595,정선 벨라시티,강원도 정선,3,21.4.9(금),59A(1) 59B(1) 84A(1),033-733-4050
596,세운 푸르지오 헤리시티,서울 중구,4,21.4.9(금),24A(2) 28A(1) 29A(1) ,1577-2237
597,더샵 거제디클리브,경남 거제시,28,21.4.8(목),74A(5) 74B(1) 84A(7) 84B(8) 84C(3) 84D(4),1661-3007
598,검단신도시 우미린 파크뷰 2단지(AB1BL),인천 서구,9,21.4.9(금),59A(4) 59B(2) 84A(3),02-6914-1565
599,인천 검단신도시 AA8블록 우미린,인천 서구,4,21.4.9(금),59A(2) 59B(1) 84(1),02-6914-1565
600,수성 해모로 하이엔,대구 수성구,14,21.4.9(금),59(9) 75(2) 84(1) 84A(1) 84B(1),053-752-0777
601,부평역 해링턴 플레이스,인천 부평구,12,21.4.9(금),59A(2) 59B(1) 59C(1) 72A(3) 72B(2) 72C(3),032-517-7766
602,검단 신도시 예미지 퍼스트포레(AB3-2BL),인천 서구,8,21.4.9(금),76(2) 84A(5) 84B(1),1899-1482
603,[군인특별공급]양주 옥정 A-1블럭 린 파밀리에 (공공분양),경기도 양주,5,21.4.15(목),74A(1) 74B(1) 84A(2) 84B(1),02-6914-1717
604,[군인특별공급]증평 송산지구 칸타빌,충북 증평군,9,21.4.16(금),84(9),043-275-9183
605,[군인특별공급]힐스테이트 모종 네오루체 ,충남 아산시,10,21.4.16(금),74A(2) 84A(4) 84B(4),041-910-0070
606,[군인특별공급]수성 해모로 하이엔,대구 수성구,14,21.4.16(금)예정,59(9) 75(2) 84(1) 84A(1) 84B(1),053-752-0777
607,[군인특별공급]포천 금호어울림 센트럴,경기도 포천시,11,21.4.16(금),84A(10) 84B(1),031-544-7580
608,[군인특별공급]화성 태안3지구 B1블럭 우미린 센트포레,경기도 화성,10,21.4.15(목),84A(4) 84B(3) 84C(3),02-6914-1565
609,[군인특별공급]화성 태안3지구 B2블럭 우미린 센트포레,경기도 화성,11,21.4.15(목),84A(9) 84B(1) 84C(1),02-6914-1565
610,[군인특별공급]덕소 강변 스타힐스,남양주시 와부읍,3,21.4.16(금),59A(1) 59B(1) 77(1) ,031-576-0052
611,[군인특별공급]한화 포레나 포항,포항시 북구,30,21.4.16(금),59(5) 75(5) 84A(10) 84B(10),02-2112-8376
612,[군인특별공급] 서샵 송도아크베이(B3BL),인천 연수구,4,21.4.16(금),84A(2) 84B(2),1855-1331
613,[군인특별공급]덕소 강변 라온프라이빗,경기도 남양주시,3,21.4.16(금),59A(1) 59B(1) 84A(1) ,1881-2202
614,[군인특별공급]쌍문역 시티프라디움,서울 도봉구,1,21.4.15(목),68A(1) ,02-3295-4807
615,[군인특별공급]아산 ZOOM파크,충남 아산시,14,21.4.21(수),75(7) 79(1) 84(6),02-3452-0100
616,[청약자격확인]양주 옥정 A-1블럭 린 파밀리에 공공분양,경기도 양주,61,21.4.15(목),61,02-6914-1717
617,[청약자격확인]포천 금호어울림 센트럴,경기도 포천시,17,21.4.16(금)예정,579세대중 3%인 17세대,031-544-7580
618,[청약자격확인] 덕소 강변 스타힐스,남양주시 와부읍,8,21.4.16(금)예정,274세대중 3% 범위 8세대,031-576-0052
619,[청약자격확인]덕소 강변 라온프라이빗,경기도 남양주시,7,21.4.16(금),7세대,1881-2202
620,[청약자격확인]화성 태안3지구 B1블럭 우미린 센트포레,경기도 화성,19,21.4.15(목),19세대,02-6914-1565
621,[청약자격확인]화성 태안3지구 B2블럭 우미린 센트포레,경기도 화성,19,21.4.15(목),19세대,02-6914-1565
622,[청약자격확인]봉담 자이 라피네(경기 화성시),경기 화성시,22,21.4.23(금) (예정),750세대 3% 22세대,1644-7742
623,[군인특별공급]봉담 자이 라피네(경기 화성시),경기도 화성시,16,21.4.23(금) (예정),84A(10) 84C(1) 84D(1) 84E(2) 84F(2),1644-7742
624,[군인특별공급]미평동 해광샹그릴라 힐즈파크(전남 여수시),전남 여수시,5,21.4.23(금),84A(5) ,062-525-7897
625,[군인특별공급]e편한세상 진천 로얄하임(충북 진천군),충북 진천군,4,21.4.22(목),84(4),1899-0151
626,[군인특별공급]사송 더샵데시앙3차(경남 양산시),경남 양산시,2,21.4.23(금),84A(1) 84C(1),055-366-4040
627,[군인특별공급]계양 하늘채 파크포레(인천 계양구),인천 계양구,1,21.4.23(금),84B(1),032-542-4420
628,[군인특별공급]검단역 금강펜테리움 더 시글로(인천 서구),인천 서구,6,21.4.22(목),84A(1) 84B(2) 84C(3),1800-7864
629,[군인특별공급]만촌역 태왕 THE아너스(대구 수성구),대구 수성구,4,21.4.22(목),84B(4),053-472-8882
630,[청약자격확인]계양 하늘채 파크포레(인천 계양구),인천 계양구,1,21.4.23(금),1새대,032-542-4420
631,[청약자격확인]평택역 경남아너스빌 디아트,경기 평택시,14,21.4.30(금),14세대,031-655-2540
632,[청약자격확인]용현자이크레스트(인천 미추홀구),인천 미추홀구,44,21.4.29(목),1499세대의 3% 44세대,032-716-5567
633,[군인특별공급]용현자이크레스트(인천 미추홀구),인천 미추홀구,10,21.4.29(목),59A(4) 59D(1) 74A(1) 74C(2) 74D(1) 84A(1),032-716-5567
634,[군인특별공급] 더샵 거창포르시엘(경남 거창군),경남 거창군,8,21.4.29(목) ,66(1) 84A(3) 84B(3) 84C(1),1600-2446
635,[군인특별공급] 동탄2신도시 동탄역 디에트로 퍼스트지(업무복합2BL)(경기 화성시),경기 화성시,6,21.4.29(목),84A(3) 84B(3) ,1688-8009
636,[군인특별공급]대덕 브라운스톤(대전 대덕구),대전 대덕구,4,21.4.29(목),63B(1) 75A(1) 75B(2),1800-8887
637,[군인특별공급] 경기도 광주시 고산2지구 C3블럭 오포자이디오브(경기 광주시),경기 광주시,15,21.5.20(금),62A(1) 74A(2) 74C(2) 84A(2) 84B(2) 84C(2) 84D1(2) 84D2(2),1644-0150
638,[군인특별공급] 경기도 광주시 고산2지구 C4블럭 오포자이디오브(경기 광주시),경기 광주시,16,21.5.20(금),62A(1) 62B(1) 74A(1) 74B(1) 74C(1) 74D1(1) 74D2(1) 84A(3) 84B(1) 84C(1) 84D1(2) 84D2(2),1644-0150
639,[군인특별공급]율동지구 한신더휴 B1BL(울산시 북구),울산 북구,4,21.4.30(금),84A(1) 84B(1) 84C(2) ,1877-4547
640,[군인특별공급]율동지구 한신더휴 B2BL(울산시 북구),울산 북구,7,21.4.30(금),84A(3) 84F(2) 84H(1) 84I(1),1877-4547
641,[군인특별공급]율동지구 한신더휴 C2BL(울산시 북구),울산 북구,6,21.4.30(금),84A(2) 84C(2) 84E(1) 84F(1),1877-4547
642,[군인특별공급]직산역 서희스타힐스(충남 천안시),충남 천안시,4,21.4.30(금),59A(1) 59B(2) 84A(1) ,041-584-0099
643,[청약자격확인]더샵 양평리버포레(경기 양평군),경기 양평군,13,21.4.29(목),13세대,1833-7676
644,[군인특별공급]더샵 양평리버포레(경기 양평군),경기 양평군,9,21.4.29(목),76(3) 84A(4) 84B(2) ,1833-7676
645,[군인특별공급]무등산 한국아델리움 더힐 1단지(광주 동구),광주시 동구,3,21.5.6(목),59(1) 84A(1) 84B(1),062-716-2424
646,[군인특별공급]군산 호수공원 아이파크(전북 군산시),전북 군산시,2,21.5.6(목),84A(1) 84B(1),063-464-6650
647,[군인특별공급]연수 서해그랑블 에듀파크(인천 연수구),인천 연수구,6,21.5.27(목),74B(1) 74C(1) 84(4) ,1833-4112
648,[군인특별공급]두산위브더제니스 양산(경남 양산시),경남 양산,24,21.5.6(목),59A(6) 59B(3) 59C(3) 84A(10) 84B(1) 84C(1),051-501-0770
649,[군인특별공급]한화 포레나 안산고잔(경기 안산시),경기도 안산시,2,21.4.29(목),59A(1) 59B(1),1811-2644
650,[청약자격확인] 경기도 광주시 고산2지구 C3블럭 오포자이디오브(경기 광주시),경기 광주시,13,21.5.20(금),447세대중 3% 13세대,1644-0150
651,[청약자격확인] 경기도 광주시 고산2지구 C4블럭 오포자이디오브(경기 광주시),경기 광주시,13,21.5.20(금),447세대중 3% 13세대,1644-0150
652,[군인특별공급]동해 프라우드 스위첸(강원 동해시),강원 동해시,8,21.5.7(금),50(1) 59(1) 84A(4) 84B(1) 84C(1),033-535-0500
653,[청약자격확인] 향남역 한양수자인 디에스티지(경기 화성시),경기 화성시,28,21.5.18(화),945세대중 3% 28세대,1577-0885
654,[군인특별공급] 향남역 한양수자인 디에스티지(경기 화성시),경기 화성시,11,21.5.18(화),61A(1) 61B(1) 66(2) 67(2) 76(1) 84A(2) 84B(1) 84C(1),1577-0885
655,[군인특별공급] 죽전역 에일린의 뜰(대구 달서구),대구 달서구,5,21.5.7(금),59A(1) 74(1) 84B(3) ,053-745-1006
656,[군인특별공급] 성산 삼정그린코아 푸레스트(경남 창원시),경남 창원시,8,21.4.30)금),75(4) 84A(3) 84B(1),1522-3031
657,[군인특별공급]이천 진암지구 우방 아이유쉘 메가하이브(경기 이천시),경기 이천시,2,21.5.13(목),59D(1) 73(1) ,031-642-6902
658,[청약자격확인]이천 진암지구 우방 아이유쉘 메가하이브(경기 이천시),경기 이천시,9,21.5.13(목),59A(1) 59B(1) 59D(2) 73(4) 84(1),031-642-6902
659,[군인특별공급]완주복합행정타운 모아미래도 센트럴시티 3차(전북 완주군),전북 완주군,4,21.5.13(목),74(1) 84A(3),1644-5445
660,[군인특별공급] 한화 포레나 천안신부(충남 천안시),충남 천안시,6,일정연기,76(2) 84A(3) 84B(1),1661-6466
661,[군인특별공급]동탄역 금강펜테리움더 시글로(경기 화성시),경기 화성시,4,21.5.14(금),52A(1) 52B(1) 58A(1) 58B(1) ,1600-0255
662,[청약자격확인] 더샵 지제역 센트럴파크 1BL(경기 평택시),경기 평택시,2,21.5.14(금),2세대,031-8094-1665
663,[군인특별공급]e편한세상 석림 더노블(충남 서산시),충남 서산시,7,21.5.20(목),84A(2) 84B(3) 84C(1) 84D(1),041-662-9090
664,[군인특별공급]춘천 파밀리에 리버파크(강원도 춘천시),강원 춘천시,3,21.6.4(금),59C(1) 84A(1) 84B(1),1566-0377
665,[군인특별공급]봉담 자이 라피네(경기 화성시),경기 화성시,16,21.5.14(금),84A(10) 84C(1) 84D(1) 84E(2) 84F(2),1644-7742
666,[청약자격확인]봉담 자이 라피네(경기 화성시),경기 화성시,22,21.5.14(금),750세대 3% 22세대,1644-7742
667,[군인특별공급] 용인 명지대역 서희스타힐스 포레스트 (경기 용인시),경기 용인시,1,21.7.2(금),59C(1),1600-4994
668,[청약자격확인] 용인 명지대역 서희스타힐스 포레스트 (경기 용인시),경기 용인시,1,21.7.2(금),45세대중 1세대,1600-4994
669,[군인특별공급] 송도 아리스타 프라임 (인천 연수구),인천 연수구,1,21.5.21(금),41A(1),1833-5626
670,[군인특별공급] 서산 엘크루 에듀포레 (충남 서산시),충남 서산시,1,21.5.28(금),71A(1) ,041-664-1000
671,[군인특별공급]용현·학익1블럭 시티오씨엘 1단지 (인천 미추홀구),인천 미추홀구,15,21.6.3(목),59(2) 77(5) 84A(6) 84B(2) ,032-831-1141
672,[청약자격확인]용현·학익1블럭 시티오씨엘 1단지 (인천 미추홀구),인천 미추홀구(160),33,21.6.3(목),33,032-831-1141
673,[군인특별공급] 오송역 파라곤 센트럴시티 (충북 청주시),충북 청주시,46,21.5.27(목),59A(9) 59B(12) 59C(16) 59D(9),1566-7880
674,[군인특별공급] 힐스테이트 용인 고진역 D1블럭 (경기 용인시),경기 용인시,32,21.6.17(목),59A(3) 59B(7) 70(6) 84(16),1877-3838
675,[군인특별공급] 힐스테이트 용인 고진역 D2블럭 (경기 용인시),경기 용인시,32,21.6.17(목),59A(6) 59B(7) 70(4) 84(15),1877-3838
676,[청약자격확인] 힐스테이트 용인 고진역 D1블럭 (경기 용인시),경기 용인시(163),40,21.6.17(목),1345세대중 3% 40세대,1877-3838
677,[청약자격확인] 힐스테이트 용인 고진역 D2블럭 (경기 용인시),경기 용인시(164),40,21.6.17(목),1358세대중 3% 40세대,1877-3838
678,[군인특별공급]e편한세상 연천 웰스하임(경기 연천군),경기도 연천군,15,21.5.27(목),59A(1) 59B(1) 74A(2) 74B(1) 84A(7) 84B(3),1833-4007
679,[청약자격확인]e편한세상 연천 웰스하임(경기 연천군),경기도 연천군(168),14,21.5.27(목),14,1833-4007
680,[군인특별공급] 영종국제도시 서한이다음 공공분양 (인천 중구),인천 중구,9,21.5.27(목),64A(2) 74A(1) 84A(1) 84B(2) 84C(1) 84D(1) 84E(1),032-751-8800
681,[군인특별공급] 평창진부 웰라움 더퍼스트(강원 평창군),강원 평창군,8,21.5.28(금),84A(4) 84B(4),1600-0081
682,[군인특별공급] 대전 해모로 더 센트라 (대전 중구),대전 중구,6,21.5.28(금),59A(1) 59B(1) 73(2) 84(2),1899-9720
683,[군인특별공급] 경산아이파크(경북 경산시),경북 경산시,9,21.5.28(금),84A(7) 84B(2) ,053-811-0977
684,[군인특별공급] 양주회천 A18블럭 공공분양 (경기 양주시),경기 양주시,2,21.5.31(월),84A(1) 84B(1),031-938-5087
685,[군인특별공급] 양주회천 A21블럭 공공분양 (경기 양주시),경기 양주시,2,21.5.31(월),74A(1) 84A(1) ,031-938-5087
686,[청약자격확인] 양주회천 A18블럭 공공분양 (경기 양주시),경기 양주시(176),39,21.5.31(월),1304세대중 3% 39세대,031-938-5087
687,[청약자격확인] 양주회천 A21블럭 공공분양 (경기 양주시),경기 양주시(177),29,21.5.31(월),995세대중 3% 29세대,031-938-5087
688,[청약자격확인] 영종국제도시 서한이다음 공공분양 (인천 중구),인천 중구,27,21.5.27(목),27세대,032-751-8800
689,[군인특별공급] 더샵 거제디클리브 (경남 거제시),경남 거제시,28,21.5.27(목),74A(5) 74B(1) 84A(7) 84(8) 84C(3) 84D(4) ,1661-3007
690,[군인특별공급]온양발리 한양립스 더 퍼스트(울산 울주군),울산 울주군,2,21.7.2(금),68(2) ,052-237-3457
691,[군인특별공급] 해링턴 플레이스 스마트밸리 (충남 아산시),충남 아산시,8,21.6.8(화),59B(1) 71A(2) 71B(1) 84A(3) 84B(1),1599-9229
692,[군인특별공급] 봉담 프라이드시티(경기 화성시),경기 화성시,33,21.6.4(금),59A(4) 59A1(2) 59B(1) 59C(2) 59C1(1) 59D(1) 72A(2) 72B(2) 72C(3) 72C1(3) 72C2(1) 72D(2) 84A(5) 84B(3) 84C(1),1599-4235
693,[청약자격확인] 봉담 프라이드시티(경기 화성시),경기 화성시,51,21.6.4(금),1701세대중 3% 51세대,1599-4235
694,[군인특별공급] 익산 푸르지오 더 퍼스트(전북 익산시),전북 익산시,12,21.6.4(금),59A(3) 59B(1) 78(1) 84A(5) 84B(2),063-833-5600
695,[군인특별공급] 속초 엘크루 라테라 (강원 속초시),강원 속초시,5,21.6.4(금),76B(1) 73C(1) 83A(1) 84B(1) 83C(1),1833-6133
696,[군인특별공급] 침산 푸르지오 에듀포레(대구 북구),대구 북구,12,21.6.4(금),78A(1) 78B(1) 84A(8) 84B(2) ,1661-8882
697,[군인특별공급] 황등 오투그란데 디에디션(전북 익산시),전북 익산시,1,21.6.7(월) ,84(1),063-853-8952
698, [청약자격확인] 의정부역 월드메르디앙 웰라시티 (경기 의정부시),경기 의정부시,2,21.6.11(금),76세대중 2세대,031-751-3460
699,[군인특별공급] 더샵 오산엘리포레 (경기 오산시),경기 오산시,12,21.6.11(금),59A(4) 75A(2) 75B(2) 84(4),1600-5440
700,[청약자격확인] 더샵 오산엘리포레 (경기 오산시),경기 오산시,27,21.6.11(금),927세대중 3% 27세대,1600-5440
701,"[군인특별공급] 대전역 대라수 어썸브릿지 1차, 2차 (대전 동구)",대전 동구,4,21.6.17(목),1차:84A(1) 84B(1) 2차:84A(1) 84B(1),042-822-7988
702,[군인특별공급] 용계역 푸르지오 아츠베르 1단지 (A1BL),대구 동구,16,21.6.17(목),59A(1) 59B(1) 74A(2) 84A(6) 84B(4) 84D(2) ,053-961-6700
703,[군인특별공급] 용계역 푸르지오 아츠베르 2단지 (A2BL),대구 동구,12,21.6.17(목),59B(1) 84A(6) 84B(3) 84C(2) ,053-961-6700
704,[군인특별공급] 목동 모아엘가 그랑데 (대전 중구),대전 중구,3,21.6.17(목),62B(1) 77(1) 84B(1),042-535-2005
705,[군인특별공급] 번영로 센텀파크 에일린의 뜰(울산 남구),울산 남구,3,21.6.30(수),59(1) 70A(1) 84A(1),052-211-3111
706,[군인특별공급] 충주 모아미래도 공동주택 (충북 충주시),충북 충주시,8,21.6.18(금),59A(4) 84A(4),043-852-7300
707,[군인특별공급] 창원 롯데캐슬 센텀골드 (경남 창원시),경남 창원시,14,21.6.18(금),59(1) 74(2) 84A(7) 84B(4) ,055-242-0050
708,[군인특별공급] 서충주신도시 월드메르디앙 엔라체 (충북 충주시),충북 충주시,5,21.6.24(목),84A(4) 84B(1) ,1833-2996
709,[군인특별공급] 평택지제역자이 (경기 평택시),경기 평택시,8,21.7.16(금),59A(1) 59B(1) 74A(1) 74B(1) 84A(2) 84B(2) ,1800-5944
710,[청약자격확인] 평택지제역자이 (경기 평택시),경기 평택시,31,21.7.16(금),31,1800-5944
711,[군인특별공급] 평택고덕 A-54블럭 공공분양 (경기 평택시),경기 평택시,3,21.6.23(수),59A(3),031-656-4995
712,[청약자격확인] 평택고덕 A-54블럭 공공분양 (경기 평택시),경기 평택시,47,21.6.23(수),47세대,031-656-4995
713,[군인특별공급] 한화 포레나 서충주 (충북 충주시),충북 충주시,10,21.6.22(화),77(3) 84A(5) 84B(1) 84C(1) ,043-846-1997
714,[군인특별공급] 마전 양우 내안에 퍼스트힐 (인천 서구),인천 서구,1,21.6.16(수),84A(1),032-229-0011
715,[군인특별공급] 평촌트리지아 (경기 안양시),경기 안양시,4,21.6.24(목),59A(2) 59B(1) 74(1),031-427-3770
716,[군인특별공급] 초읍 하늘채 포레스원 (부산 부산진구),부산 부산진구,9,21.6.25(금),59A(5) 59B(3) 84A(1),1600-0733
717,[군인특별공급] 한화 포레나 부산덕천 2차 (부산 북구),부산 북구,1,21.6.25(금),74B(1),1588-6227
718,[군인특별공급] 파주 운정신도시 A9블럭 중흥S-클래스 에듀파크 (경기 파주시),경기 파주시,8,21.6.25(금),59A(3) 84A(4) 84B(1),031-947-0880
719,[군인특별공급] 파주 운정신도시 A11블럭 중흥S-클래스 에듀하이 (경기 파주시),경기 파주시,7,21.6.25(금),59A(2) 84A(4) 84B(1),031-947-0880
720,[청약자격확인] 파주 운정신도시 A9블럭 중흥S-클래스 에듀파크 (경기 파주시),경기 파주시,13,21.6.25(금),450세대중 3% 13세대,031-947-0880
721,[청약자격확인] 파주 운정신도시 A11블럭 중흥S-클래스 에듀하이 (경기 파주시),경기 파주시,22,21.6.25(금),750세대중 3% 22세대,031-947-0880
722,[군인특별공급] 힐스테이트 초곡 (경북 포항시),경북 포항시,37,21.6.25(금),59A(3) 59B(2) 74A(6) 74B(2) 74C(2) 76(2) 84A(12) 84B(8),054-262-5300
723,[군인특별공급] 강릉 영진 코아루 휴티스 디오션 (강원 강릉시),강원 강릉시,5,21.6.25(금),71(3) 72(1) 84(1),033-661-9200
724,[군인특별공급] 태왕 THE아너스 오페라 (대구 북구),대구 북구,8,21.6.25(금),84A(5) 84B(3) ,053-756-2900
725,[군인특별공급] 더샵 수성오클레어 (대구 수성구),대구 수성구,5,21.6.25(금),50(1) 84A(2) 84B(2) ,1811-0322
726,[군인특별공급] 지행역 센트레빌 파크뷰 (경기 동두천시),경기 동두천시,6,21.6.25(금),84A(5) 84B(1) ,1661-0037
727,[청약자격확인] 지행역 센트레빌 파크뷰 (경기 동두천시),경기 동두천시,9,21.6.25(금),9,1661-0037
728,[군인특별공급] 파주 운정 A10BL 제일풍경채2차 그랑베뉴 (경기 파주시),경기 파주시,3,21.6.25(금),59A(1) 84A(1) 84B(1),1577-2149
729,[청약자격확인] 파주 운정 A10BL 제일풍경채2차 그랑베뉴 (경기 파주시),경기 파주시,20,21.6.25(금),20,1577-2149
730,[군인특별공급]거창 센트럴캐슬 주상복합 (경남 거창군),경남 거창군,1,21.6.25(금),84C(1),055-945-5557
731,[군인특별공급] 힐스테이트 대구역 퍼스트 (대구 중구),대구 중구,3,21.7.9(금),84A(1) 84B(1) 84C(1) ,053-428-1688
732,[군인특별공급] 양주 회천신도시 센트럴아리스타 (경기 양주시),경기 양주시,1,21.7.1(목),84A(1),1522-4349
733,[청약자격확인] 양주 회천신도시 센트럴아리스타 (경기 양주시),경기 양주시,3,21.7.1(목),3,1522-4349
734,[군인특별공급] 안성아양 B-1블럭 공공분양 (경기 안산시),경기 안성시,1,21.7.7(수),84A(1),031-250-8215
735,[청약자격확인] 안성아양 B-1블럭 공공분양 (경기 안산시),경기 안성시,19,21.7.7(수),644세대 3% 19세대,031-250-8215
736,[군인특별공급] e편한세상 강일 어반브릿지 (서울 강동구),서울 강동구,3,일정미정,84A(1) 84D(1) 84E(1) ,1644-8228
737,[군인특별공급] 힐스테이트 동인 (대구 중구),대구 중구,17,일정미정,84A(5) 84D(3) 84E(1) 84F(2) 84G(1) 84B(1) 84H(1) 84C(1) 84I(2),1577-5306
738,[군인특별공급] 당진 센트레빌 르네블루 2차(충남 당진시) ,충남 당진시,20,21.7.8(목),59(1) 74A(3) 84A(12) 84B(4),041-355-1300
739,[군인특별공급] 더샵 광양베이센트(전남 광양시),전남 광양시,9,일정미정,84A(7) 84C(1) 84D(1),1855-1330
740,[군인특별공급] 오창 반도유보라 퍼스티지(충북 청주시),충북 충주시,4,21.7.8(목),59(2) 84A(1) 84C(1) ,1599-7031
741,[군인특별공급] 힐스테이트 광교중앙역 퍼스트(경기 수원시),경기 수원시,1,일정미정,60A(1),031-294-1200
742,[군인특별공급] 교대역 푸르지오 트레힐스 (대구 남구),대구 남구,10,21.7.2(금),59A(1) 59B(1) 84A(3) 84B(5),053-476-8199
743,[군인특별공급]구미송정 범양레우스 센트럴포레 (경북 구미시),경북 구미시,10,일정미정,59A(1) 59B(2) 84(7),054-461-0122
744,[군인특별공급] 모아미래도 에듀파크 (광주 북구),광주 북구,1,21.7.9(금),66(1),062-512-5007
745,[군인특별공급] 아산 한라비발디 스마트밸리 (충남 아산시) ,충남 아산시,9,21.8.6(금),54(2) 65A(2) 65B(1) 75(1) 84A(2) 84B(1),1688-3663
746,[군인특별공급] 이안 더 메트로 (경기 의정부시),경기 의정부시,4,21.7.15(목),67(2) 69(2),031-853-2001
747,[청약자격확인] 이안 더 메트로 (경기 의정부시),경기 의정부시,5,21.7.15(목),총170세대 3% 5,031-853-2001
748,[군인특별공급] 남양주진접2지구 공공분양 사전청약 (경기 남양주시),경기 남양주시,2,21.7.15(목),51(1) 59(1),1670-4007
749, [청약자격확인] 남양주진접2지구 공공분양 사전청약 (경기 남양주시),경기 남양주시,43,21.7.15(목),43,1670-4007
750, [군인특별공급] 인천계양 A2BL 공공분양 사전청약 (인천 계양구),인천 계양구,2,21.7.15(목),59(1) 74(1),1670-4007
751, [청약자격확인] 인천계양 A2BL 공공분양 사전청약 (인천 계양구),인천 계양구,21,21.7.15(목),총709세대 3% 21,1670-4007
752,[군인특별공급] 성남 복정 1지구 공공분양 사전청약 (경기 성남시),경기 성남시,1,21.7.15(목),59(1),1670-4007
753,[군인특별공급] 내포신도시 RH5-2 모아미래도 (충남 홍성군),충남 홍성군,12,21.7.16(금),84A(9) 84B(3),1833-6668
754,[군인특별공급] 사송 더샵데시앙 3차 (경남 양산시),경남 양산시,2,21.7.16(금),84A(1) 84C(1) ,055-366-4040
755,[군인특별공급] 힐스테이트 익산 (전북 익산시),전북 익산시,6,21.7.16(금),84A(3) 84B(1) 84D(2),063-831-7773
756,[군인특별공급] 힐스테이트 자이 계양 (인천 계양구),인천 계양구,16,21.7.21(수),53A(3) 53B(2) 53C(1) 59A(1) 84A(4) 84B(1) 84C(4),032-858-8022
757,[청약자격확인] 힐스테이트 자이 계양 (인천 계양구),인천 계양구,24,21.7.21(수),총812세대 3% 24,032-858-8022
758,[군인특별공급] 강릉 롯데캐슬 시그니처 (강원 강릉시),강원 강릉시,20,21.7.16(금),84A(10) 84B(5) 84C(5),1600-1698
759,[군인특별공급] 세종자이 더시티 (세종 산울동),세종 산울동,1,21.7.16(금),84A(1),044-715-7793
760,[군인특별공급] 한화 포레나 천안신부 (충남 천안시),충남 천안시,6,21.7.22(목),76(2) 84A(3) 84B(1),1661-6466
761,[군인특별공급] 구미 푸르지오 센트럴파크 (경북 구미시),경북 구미시,15,21.7.30(금),84(15),1644-5010
762,[군인특별공급] 포천 리버포레 세영리첼 (경기 포천시),경기 포천시,7,21.7.30(금) ,61(4) 76A(1) 76B(1) 84(1) ,1522-9344
763,[군인특별공급] 신기역 극동 스타클래스 (대구 동구),대구 동구,2,21.7.23(금),84A(1) 84B(1),1644-7739
764,[군인특별공급] 서대구역 센텀 화성파크드림 (대구 서구),대구 서구,13,21.7.23(금),59B(1) 74(2) 84A(3) 84B(3) 84C(4),053-522-2998
765,[군인특별공급] 검산 이지움 라프라임 (전북 김제시),전북 김제시,3,21.7.23(금),84A(2) 84B(1),063-245-1117
766,[군인특별공급] 다대리슈빌 (부산 사하구),부산 사하구,3,21.7.23(금),59A(1) 59B(1) 59C(1),051-262-0101
767,[군인특별공급] 작전역 베네하임 더윈 (인천 계양구) ,인천 계양구,2,21.7.23(금),59A(1) 84A(1),032-543-1900
768,[청약자격확인] 작전역 베네하임 더윈 (인천 계양구) ,인천 계양구,5,21.7.23(금),166세대중 5명,032-543-1900
